category,genome/assembly,orf,HMM,bitscore,bitscore_cutoff,clusterID,heme_binding_motifs,protein_sequence
iron_aquisition-siderophore_transport_potential,bin_2_Rhizobiales.faa,k99_1959_1,HatD-family-substrate-binding-protein,36.3,27.5,1,0,MNGSHRRLVALAVAVLSWTAADPSRAGERIVAAGAAVTEILWDLGASAEVVGVDTTSRHPVEALATRPDVGYFRRLSAEGLLSLTPTMVIAVTGAGPRDVLDLVAGAGVRV
iron_aquisition-heme_transport,bin_2_Rhizobiales.faa,k99_1959_2,HmuV-family-ATP-binding-protein,275.3,220,1,0,MTGCFPDPVLRLERVGHRIGARDIVDDVSLTLSAGHLVVVVGPNGAGKTSLLRLASGETRARTGRVVWNGVDVHDLPVWRLAAIRAVMSQSTEIGFSFPVAEVVGLGFDGVGRRSPASRVAAVARALETADVGHLAARDVLTLSGGERQRVLFARALAQLEAGRASGEPRALLLDEPVASLDLSHQIALMESARAVADDGVAVMAILHDLNLATAFADTIVVMQAGRIAAQGTPREVVTDAVLARVFGLGRRRLDAAVSDADGRAAIPLVTPRNWRVLAMRAPGPSS*
iron_aquisition-siderophore_transport_potential,bin_2_Rhizobiales.faa,k99_1959_3,FpvE-family-permease,310.8,25.8,1,0,MGNLDLASRRIASRSAGGPGASLARDLATMAHRRRRRLTWVFALLGAGLVGAALLSIAVGAHGISLSRLLAVLLEFGASPSDRDSLVVFSIRLPRTLAAALIGASLAVSGVLMQGLFRNPLADPGILGVSSGAALAAAAVIVLGDRWFPGGVPFGALPIAAFCGAVVATLALTMVGRRAGRTDTGAILLAGLAFAALANAALGLLVYVADDRQLRDLTFWTLGSFGGVGWSKVMIATPLLLAPVIVASRLGRAFDALAFGEAEAHHMGIRVERTKWIAIVATASGVGAAVAAVGIVGFVGMVVPHVVRLALGPSHRALLPASALAGACLTLGADIAARTVVAPAELPIGILTALVGAPVFLHLVLRRRGGSS*
iron_aquisition-siderophore_transport_potential,bin_2_Rhizobiales.faa,k99_1959_5,PirA-family-siderophore-receptor,109.9,75.3,1,0,MGLGIGNRAATATSLLVLVMAAGAGAPAWAQATAKPPAATELDEITVSAERRPTSVKDASATVSVKSGTALEQKSVTRPADLVADEPGVSVGNQPARAGAGNFTIRGIGDNRVLLLEDGVRVPDYPVTQKGPGLYTRDVVDYENLKQVEIVRGPASALHGSDALGGVVSFVTKDPEDFLKLTGKDWYLGLKAAYDSADESIAETTTVAGRKGPWSAMVSYTRRDGEELQSTSAVAVNPQIRQRNDILAKLIYETPDAGRIRFTFELFDKAEHTRLLSDLSSTVLSSKADDVTRRARASVDWTRTIDASFADEFAAKLYWTGLERTEENPQIRLNGAGLATRRHTTNDYEQSIVGGDLQFSAKRDWWGLTHDLNYGISGSHTSTSRLRDRWEVDPVTGLITRIVGGDTYPNKLFPDTGTTQLAAFVQDTVRFGALRVTPAVRLDFYHLEPHADALLAASSAADVHAQTHVAVSPKLGLSYDVDETFRLVAQYARGFRAPPYDNANFAYSNPAYGYEILPNGDLKPETSDGFEAGVRAGFADGSSLQVTGFYNLYSDFIDTKLVGFSKTGLMQFQYVNLSRAVIWGAEAKGEWRVNPKWTVKGAIAYAEGEDSDTHAALNSVDPLTGMLAVEWRATDEWRLETRMRGAAKKTRVSDPTVFTPSGWVTLDAFATYEVKPRFTLNAGVYNILDRSYFTAQDVAGLLASNSLLETYRATGRTFALNATVRF*
iron_aquisition-heme_transport,bin_2_Rhizobiales.faa,k99_1959_6,TonB-family,95.6,75,1,0,MAEPALRTGSPPHVAHARRRENAGERARFDRPAFGRADWSLAPPSRAEPPNAAIPWPVPPSRGHGETFPSVAPPRVEPVVVVLPRITATDLHAEAAPPVAPVDPFRDAVPPRRRSTDRSLSGVAIAVVLHLAGMAGLLAMPRSEPPGGGGAIETVELVMFDTPSTVDQVAGGPTAPVAVAEPDPDPTPTPAEPPPPSEPEAVVAEAEPPPPPPPVAEPEPAIAPAVSETPLPILVTRQAEDRVAAAPTPPLDPPPPAAPKPKPEARPVERARKPAPKPTRPAKAEAPAKKIPAATAAAPGDAARTRTSGARGAGPQAAAGSGTVADWRSTVLAALARAKRYPVDAHDRGVVGRAVIRFTVTRDGTVTAVSLVTSSGAAVLDAATLAMPRRAAFPPMPVGGPATQTFTAGVRYDLH*
##########################################################################################################################################################################################################
iron_gene_regulation,bin_2_Rhizobiales.faa,k99_1946_3,Sid_PchR_pyochelin_regulator_Pseudomonas_aeruginosa_PA4227_180623,28.3,18.3,2,0,MWFNDRDRVRYENTRLHTISCYLHGGEESRRLDRGAIRGRPGALCLMPQGSASDWGIGGAFRFVHLYLADERLRHFAAATLDREPGTIELADRTFFDDAPLTAMMAGLARACGDGDPIGAEELYQELCLRLLTTPELVGRSARPARGGLSPHVSRRVIEAMRARLDHPPSLDDLADVAGLSPFHFQRMFRASHGLSPSAYLEAVRVDEAKRLIAGGIGLAEAALACGWSSQSHFTRAFHAVTGTTPGVWRRAVA*
iron_storage,bin_2_Rhizobiales.faa,k99_1946_5,PF00210-Ferritin_like_domain,115.3,44,2,0,MKGDAKVIEYMNRGLRSELAAINQYWLHYRILDNWGLKAMAKIWRKESIEEMEHADKFVERILFLEGFPNMQMLDGLRIGETVKEVLEADLAAELGARALYQEAAAYCEEVKDYPSRDLFVKVMTDEEHHIDYLETQLDLIGRIGLELYTQTQIGEIGS*
##########################################################################################################################################################################################################
iron_storage,bin_2_Rhizobiales.faa,k99_2012_14,PF13668_Ferritin_like_domain,25.0,23.4,3,0,MMPEGRGHAELKSLTTLGEVLATATEFERAARDFYASLAPKVSKNLRYLVEELAVEEQRHYDLFSGLAGRADIEAVLQTAIERPVGDRRFSDWVHLPDLGEKPDDQAVLQYAMAREHAAMEQYTALAKSTPPGPLQDVFRFLANEETKHKNDLQAIHDQIVHGGAD*
##########################################################################################################################################################################################################
iron_storage,bin_2_Rhizobiales.faa,k99_1636_1,PF13668_Ferritin_like_domain,24.0,23.4,4,0,MKNVEEFLAYAIKLEEEAMLRFGELADSMATYGNREVAKLFRRLSDYSALHMGDAKARAGFREIPEMGPNDFHWPQGESPERAAIWGADPFIARDEALHIALEAENAGLGFYAHVLATTDDPEIRALAKEFVEEEEGHVRELEKWIAAHDAGQPMPADA*
##########################################################################################################################################################################################################
iron_aquisition-iron_transport,bin_2_Rhizobiales.faa,k99_2235_21,FeoE-family-iron-efflux,124.6,20,5,0,MNRTTRIAIGSIVVGIVVLALKMIAWWLTGSVALLSDGLESTVNVATAIAALIAIRVAAQPADDEHPYGHHKAEFFSATLEGAMIAVAAILILREAYGGIMNPRPLDAPLEGLLVNGLASGLNAVWCWVLISQGRKLRSPALVADGRHLLTDVISSAGVAIGVLLVVVTGWTILDPILAAIVALNILWAGWKVMKESLSGLMDEAVPADVLARIHEIIAANATGAMEAHDLKTRHAGRATFVDFHLVVPGRLSVEEAHGICDRIETALAAEIEHAIVTIHVEPEARAEHKGVLVL*
iron_aquisition-iron_transport,bin_2_Rhizobiales.faa,k99_2235_26,EfeU-family-iron-perease,167.4,24.9,5,0,MLVPFLIMLREGVEAALVVAIVAGYLVRTGRAHALGAVWVGAAVAVAGSILLGVALELTASELPQKIQELFEAAVGIFAVIVLTSMVFWMGKAARSIRATLHAGIETAFQGASHGRALALLAFFAVAREGLESVLFLMAAWQQREDVGIEALFGALLGLLVAVALGYAVYRGGRRLDLASFFRWTGVFILFVAAGIASGSLRSLHEAGLWNQLQAIAFDTSTVLPADGPLGTLLSGMFGYRDAPTVGEVAMWLAYLVPALALFLRGARPSSTPTAAAE*
iron_aquisition-iron_transport,bin_2_Rhizobiales.faa,k99_2235_27,EfeO-family-iron-uptake,186.3,31.7,5,0,MLDSRRSPITASSPSTTTVAERLVPTREAFGLLTSTLALVLAMVGGADAAEDVRQVPVTVTAKGCEPMEITVPAGLVRFVITNRSSRALEWEILDGVMVVDERENIAPGFKARLTTRLKPGTFEVTCGLLDNPRGRLIVTGETPSGGAAKPSAADLLGAVAEYRVGGHAELAELAEAVERLRATARAGDRAASLAAFGSARAAFLATAPVHDLVGVSAGALADDFAALDRALFADPPVDAAPILERLDTDREAFATAFGPLAAPADRVVAGTLALAATIVVESEAAEPPASTLATIEARRAAIERVVRLFAGHARLVDPQAGAALDAALAGLGAELAANPGSIAGFADARALSPERRAALTGAARTLAERLAPLPGLLGL*
iron_aquisition-iron_transport,bin_2_Rhizobiales.faa,k99_2235_28,EfeB-family peroxidase,497.9,185.4,5,0,MSAFDRPTRPDRSALASPDRRGLLLGLAAGGVGLLAESRAASAATDPTPGAAVPTTPPSLVVPFHGRHQAGVTNPQPHAGLVAAFDVLVESREELRALFADLTELFRFLAEGGRVPTEDLAYPPPDSGVLGPEILPERFTATLALGASLFDERFGLASLKPRQLFEMIAFPNDALDDDLCHGDISIQFCAETLEEVIHGLRAVIKATPDRLAVKWKQEGFTATHGQRRGALGTGRNLLGFKDGTANADVADAGLMNDYVWVGRGGDEPDWTVNGTYQVIRLIRNYVEFWDRTPLGEQESIFGRRKDDGAPIGHAEEFSVPDYAGDPEGKKVPLESHMRLANPRDPAETAKLIRRGFNYSNGVTKSGQLDMGLLFVSYQSDLQAGFLGVQTRLNGEALEEYIKPFGGGYYFVLPGVSTPGGRLGDALFAAAETAAAPEPNPRKG*
iron_aquisition-iron_transport,bin_2_Rhizobiales.faa,k99_2235_29,EfeO-family-iron-uptake,375.1,31.7,5,0,MHPARLRLPLLSLGAALLAATTAMAAPVAPTELVAPISDYKIWVQTEVAALQKATKAFTDAVRAGQLAEAKALYAPARVHYERIEPIAELFSDLDKAIDVRADDFAKKEADPEFSGFHRLEYGLFAKGSAAGLASHADKLDADVAELRNRIKTLTVPPSKVVGGAAVLIEEVAKTKISGEEDRYSRTDLWDFAANVEGAKKIHDLLRPLTTKANPKLIGRIDANFAKVDTVLGKYAVAGGGYQSYDKLTKKDRTQVRGPVTALAEDLSKLRGTLGLE*
iron_aquisition-iron_transport,bin_2_Rhizobiales.faa,k99_2235_33,YfeB-family-membrane-proteins,66.6,50.9,5,0,MSIIAVEGLTKRYGGRTVVDAVSMTIEKGEIVGFLGPNGSGKTTTIRMICGLLTPDAGSGTVLGHDVLTDSREIKREVGYMTQRFSFYEDLTIEENLQFVARLYELKPVDDHVRRTLDDLGLTSRRKQLAGTLSGGWKQRLALAACIMHKPKLLLLDEPTAGVDPKARRDFWDEIHLLAAGGLTVLVSTHYMDEAERCHRIHYISYGKLLAQGTVDEVVTGAGLTTYVARDGNAGYVERLERLAGVDQVAPFGNTLHVVGRDRARLEASLAAFTEQTGLAFTRGETSLEDVFIQFMARAEDNAVPEDERLPARRGGA*
##########################################################################################################################################################################################################
iron_aquisition-iron_transport,bin_2_Rhizobiales.faa,k99_1372_17,FeoA-family-iron-transporter,57.6,21,6,0,MIPTLDTAFTATSSTSLDTLGHCARGWRGWVTGFAPSDALTIPWHEMERRLLEMGFVEGARIELLQEGPIGRDPIAVRVDDLTVALRRRDADVILVSEG*
iron_aquisition-iron_transport,bin_2_Rhizobiales.faa,k99_1372_18,FeoB-family-iron-transporter,184.4,28,6,0,MNGVAAPEIALVGCPNSGKTSLFNALTGSRQKVANYAGVTVERKEGSFVTPAGRPVKILDLPGTYSLRGRSPDEAVTRDVVLGRLAGEEIPDAVVCVADATNLRLVLRLVMELKAVGRPMVLALNMMDVVERLGGGVDVERLSAELGIPVVTTVAVKRGGTAALLAAIDALPLLEDPPTEHGWREPTATEIRAAHAEAARILHDCSFHAGDERLTRRLDAVLLHPVFGIVILLAVLFLMFQAVFTWATPAMDLIRTLIEGFGGLIGGAMPEGLLRSLVVDGIVAGVGAVLVFLPQIVILFFFIILLEDFGYMARGAFLMDRLMAGTGLHGRAFIPLLSSFACAIPGIMAARVIENRRDRLATILVAPLMTCSARLPVYTLVIAAFVPDRTVLGGLGLQGLVMFGLFAAGIVSALLVAFVMKKLVWREAPEPFIMELPDYKWPAPANVAIGLWIRAGAFLRRAGTVILALMILIWFLSTFPAPPEGATGPAIDWSIAGRVGHFLAPLFAPIGFNWQIVVALIPGMAAREVAVGALGTVYALSATGDEIGQALQPILSAEWSLPTALSLLAWYVFAPQCVSTLAVVRRETNSWKWPLVMFAYMLALAYGAAYLTFHVAEALLR*
##########################################################################################################################################################################################################
iron_aquisition-iron_transport,bin_2_Rhizobiales.faa,k99_436_14,FbpB-family-iron-permease,222.7,88.4,7,0,MSDRRRSSSDWLLSALVAALLVVFVAVPIGAVLYESFVVSGPMSNARLEAMTRAALDTVPAAERTALVDRWVATARLPERIDATVAAFDLAGEPVGWDRKAAFEHQAEAAALALAGLPAERRAAVEARLPIALVMLHKRTALAFKVRASVGEEAFDRLRNGVERRSGLDHYAEVFTDPRLRRAAGNSLALAAAAVVLTVTIAFALAYGLHSGALPRPGLIRGIVLLPLVAPPVLVAAATVMLFGRRGLVTHSLLDQGLGLIDADETNLYGFGGVVVAQTLSFLPAALIVLDNVLRRRDGRFDEAASGLGASRGRVFFDVTLPMAWPGISRAIVLVFILSLTDFGNPMILGRDVPVLAGVIYDEITAFQNAPLAAALCVWLMVPALLLHLGLGALGGRRRFAGTAAVAPSELGVPASWRLGLRLLATVVVVLIGAIYATMTLGAFVKVWGTDWTPTLGYFLETGVDVGLDGTGYGSSDRGLATVMSSLVIAAIAAPIGGLIAVLTAHVVERIRPPGADLLAFLALTPAVLPGIIFGIGYIVAFNLPFGIEALSLTGTAAILVIDVAFSKMYVGVLAARAVLQRSDRGIEEAAESLGAGLLDRLGRVTLPMLASAFLLGTLYVFVEGLTALSSVVFLVSPDHKLAAVAIFNHANSSDFGYAAAKSVAILVLALAAMTLVWAIESRQQRHSGSLRAQASRPEIAVARGDPS*
iron_aquisition-iron_transport,bin_2_Rhizobiales.faa,k99_436_15,FbpC-family-ATPase,339.2,300,7,0,MLDRPQTRNPGGATTVASPHLVIRSVTKRFGATLAVDDVSLDLARGEFVALLGDSGCGKTTLLRIVAGFTGADAGSILRAGVDVSRRPASERGMGFVFQSYALFPTKTVAANIGFALSVARRPKREIRERVAELAALVDIGPLLDRFPHELSGGQQQRVALARALAGEPDVLLLDEPMSALDARIRARLRGELRALIDRLGVTTLYVTHDQEEALALADRVAVMRRGRIEQIGAPADVYHRPQSRFVAEFIGVANLVEGRVAEGGVEADGRLWPAATAGRFPLGHGVTVVYRPERLSIGEEGLPATVAARSFRGGFARLDLRLDDGAIVTVDVPSHGGADPLPEPGACVGLVVPAAAAHLIVEETNA*
##########################################################################################################################################################################################################
iron_aquisition-iron_transport,bin_2_Rhizobiales.faa,k99_1257_3,YfeB-family-membrane-proteins,90.4,50.9,8,0,MSPVLTISQLSKTYASGFQALKSIDLTIERGEVFALLGPNGAGKTTLIGIVCGIVKATSGTVVVDGHDNVRDYRKTRAKIGLVPQELTVDGFITVWDAVTYSRGLFGKAADPAYLERVLRSLTLWDRRDSRIMTLSGGMKRRVLIAKALAHEPEILFLDEPTAGVDVELRREMWAVMEQLKANGVTIILTTHYIEEAEEMADRVGVINKGEIVLVESKAALMTKLGRKELTLHLNEQLAALPAVLSRHRLELAADGTHLTYAYDGDGGPAGITALFDDLAAAGIRFSDLATSERSLEEIFVSLVHDGGTAGQGETA*
iron_aquisition-iron_transport,bin_2_Rhizobiales.faa,k99_1257_7,FbpB-FutB-family-iron-permease,119.7,118,8,0,MTDATPVSPVRRARLPALSAETALLVGLGLFVLVFAALPALRLLWEGVGGIAGFDPLRLVQRWDRPAVRIAALNTLAVATGATVIAAAVGTAMAVLVALTDVPARRALVFAFILPMMIPPQVGALAWLQALGPASILLRAVDLAPPIGTPHPLQSPAGIVLLLGLYNAPLVFLAVRATLRALPSELTEAARAGGAGPFAVLRTVVLPLSASGIVAGSALAFVSAAGNFGIQAMLGIPARFDTLVTMIYRRLSGYGPSVLDEVAALALLLGLVAVLGIAVQSRFAGRRDLRVVGRPVEMIFSLGRVRGTVTALAWSFVAVVLVVPLIALLSAALVRGYGLPLTLETLTFRHFEAALLGQSAIRVAFAQSLLLAAATALTLVPVALVLGWLAVRHPSPATRVLGFSVEAAFALPGIVASLAAILLFLRPLPLVDVSIYGTPWIILAAYLGHYGALVLRPVTGAMAQLDPALEEAARIAGASTPRRLLDIVAPILAPAAAVGAILVFLTTLNEAQISILLVTSSSRTIGTTVYFLEESGSSSLASAVGVAIVAIVFLLMATASLFARRLPRGVLPWEP*
iron_aquisition-iron_transport,bin_2_Rhizobiales.faa,k99_1257_8,FbpA-family-iron-binding-protein,69.1,62,8,0,MKTTFTTLTLAAILTIGTAEAADPSGKLVIYTSQLPEVAQQTVDAFKAKHPAIEVEWVRNGTGQLMNILQAEIAAGQVKPDVLLVADDINLGQLKRDGRLQAYEAAPIGGLDAKFYDKSKMFFGTKIIATGIAWNTMGATKPTGWADLVKPEAKGKIAMPSALYSGAALVHLHTLVVTPGLGWDFFKGLAANGIVPEGGNGPALKAVAGGQKLYGIITDGDVVRAKAAGSPVDFVYPAEGATFITEPVAILATAKNVPAARAFVDFVLSKPGQELIAKQGNLPISKEVAPPTGFPRLDAIKLIGLDADKAVATDAEVKKTFAATFGIAN*
iron_aquisition-iron_transport,bin_2_Rhizobiales.faa,k99_1257_9,FbpC-family-ATPase,320.5,300,8,0,MIETGVVISGVGKAFGGTRVLDDVSLDVRRGEFLSVLGPSGCGKTTLLRLLAGFETVGSGSIAIDDRLVSAPGLHLPPEARRIGIVFQSYALWPHMNVAENVGYALKIAGFGADDRRRRIASALDTVDLAGFGERRPADLSGGQRQRVALARCLVTSPSLVLLDEPLANLDVHLRAAMEDAFTEFHRRTGTTMIYVTHDQAEAMALADRIAVLDRGRLVQIAEPRRLYREPASAMVAGFVGGGQVVEGEVAGTPEAGRVAVRLFEAEWHLRCAPGETRRPGAAICLRPRDLVLAPHGGVGLAVRLGRVVYRGSHTRVEASPVIRPDLRLVVETTDHDAVREGDVARLVVRDGWVVPASSTDASASAESLPPNLSRRSA*
##########################################################################################################################################################################################################
iron_aquisition-siderophore_transport_potential,bin_2_Rhizobiales.faa,k99_1257_26,ExbB-family,81.9,22.3,9,0,MWVMEQGGLLMWPLAVLSIATLAVVFDRLIVFSTLRLYDAAMEGRIVAAATGCDIAATAEAARHQAPALVPFLDRLLASLPGPEKERSVAVAIADVIDGLDRRVAFLGLSARVAPLLGLLGTVLGMIQTFSRLASTAGVVDMTPLADGIWQALLTTAAGLFIAVPAVVAHQGFLRWEERTEFRLRRLTRIVATGEAPRSAVP*
iron_aquisition-siderophore_transport_potential,bin_2_Rhizobiales.faa,k99_1257_27,ExbD-family,69.0,32.7,9,0,MTDLRRRRSDGAMPDVTPILDMVFILLIFFVLAAAFAIHGDDIRLPQSSTARLFAGKPIRIAIAADGSLSFDHRPITARDIGFLVRDSLREESGSRRVLLETDRDAPVGAFLAVVDTIRAHGGDRLVIAAQPIGHEARP*
iron_aquisition-siderophore_transport_potential,bin_2_Rhizobiales.faa,k99_1257_28,TonB-family,30.0,21.8,9,0,MTDGERIALAVVLSLAVHYFAARPLPASTSADTIDLGALEVGSVAVGTSLAPPIAVESPSSSARDASADALDQRLQARRAYVEQLSEAIHGRRMARSSGERLAGNAVFVVAIGGDGRFTRVEMLRGSGETALDADARRAVEAASGAVQRPRLLGREPLTLTFVVKYQFGL*
##########################################################################################################################################################################################################
iron_aquisition-iron_transport,bin_2_Rhizobiales.faa,k99_979_8,FutA2-family-iron-binding-proteins,332.8,115,10,0,MSKTGTLLVLALLAATPAVAQEVNVYTTREPGLFTPLAKAFTEKTGIKVNTVFVKDGLAERVAAEGVASPADLLMAVDVGKLVDLVEKGVTQPLAMSSVEKAVPANLRDADGAWTALSLRARLVWADKSLHLKSITYADLADPVWKGQICIRSGQHPYNTALIAAAIAHDGRDQAKTWVAGVKANLAKKPSGGDRDVARDILGGLCKIGVGNSYYVGLMRSGKGGPEQKTWGDGVDVLLPTFAGGGTHVNISGVALAKNAPHADAARKLVDYLVSAEGQKIYAEQNFEYPVNPAASVDPTVAALGALKVDDVSIAEIARHRKAASLIVDEVGFDQ*
iron_aquisition-iron_transport,bin_2_Rhizobiales.faa,k99_979_9,FbpB-FutB-family-iron-permease,201.4,118,10,0,MARKLLHRLRVDGFAAVGLVTAAAVAAPIVALAVIAAGGDGGHWRHLFGTVVPRAALETALLTIGVAVFVGTVGTATAWLVVSRDFPGRRLIEVLLLLPLAFPAYVLAYSWLDLLHPVGGFQTALRGLLGIARPSDLRLPDLRSLPGAVLVFGFSLYPYVHIAVRGVFLTQTTTLIEAARMLGASPSRVFFRVALPLARPAIAAGTALAVMETLNDVGAAEFLSVNTLTAAVYSTWVNRGDLPGAAQIALAMLTFVLALLMIERMARGGRAYAVLGSAGRRMLPRRVEGARGIGLFLLGLLPAVFGFLIPAGHLLYLAWTRLAFAGLPEEVVRETFDTVLLAASATLVALVLGLPMVSGRRLHPGSRLHAGLLRVAMIGYAVPGTVLAIGLLAIYGGFDGGLRRIVVALGLPPSGLILSASFAGLVLALTLRFFRLSASKIETGLERISPSVDQSARMLGRTPFGVMREIHLPLLTPALAGAALLLFVDCMKELPATLLLRPIGFETLSTHLYGEAARGTYENGALAACLIVAFGLLPIVAMTRIGRQNAAPTGSEGPAA*
iron_aquisition-iron_transport,bin_2_Rhizobiales.faa,k99_979_10,FbpC-family-ATPase,308.7,300,10,0,MTPDPTSPPALAFADVVHAYDGKPALHGISLALAPGEVVALLGPSGCGKTTLLRIAAGLERPASGTVAAGERLLVGEGRFVPPEARGIGLMFQDYALFPHLDVAENVAFGLAGHPAAERRRIVADLLSRIGLGDRGGVYPHMLSGGERQRVALARALAPRPSILLMDEPFSNLDQRLRRDMRGETKSLLAATGAAALLVTHDPDDAMAVADRIALMRDGRIVQVGTPEEVFAAPVDRWVAAFFADLEEMPAWVRSGRAETPLGAFAAPNLPDGPALACIRRDAFDLDPPAAEFTARVLATRFLGEHRTVRLLVDGLDRPIDAWIDARRPIEVGARIGVALDRGEVFVFAHPDERR*
##########################################################################################################################################################################################################
iron_aquisition-iron_transport,bin_2_Rhizobiales.faa,k99_784_10,YfeA-family-iron-binding-proteins,171.3,46.6,11,0,MIHVSRRFLLGAVAGLGLVGLASATPATAQSAKLPVVASFSILGDFVGKVGGDRVSVKVLVGPDGDAHVYEPTPADAKAVAASKLVFVNGLGFEGWMGRLAKASGTSATIVTTTAGIETHEMADDDHDEAPAAAAKKGHDHDHAAKGHDHGGLDPHAWQSVANAAIYVANIRDALVAADPAGKASYEANAAAYLAEIAALDAEVKAAVAKVPADRRRVITSHDAFGYFSAAYGIDFISPQGISTETEATAKDVAELVRQIRKEKITAVFVENMTDRRLVDRIAEETGVKLGGELFADALSPKGGPAPTYVDMVRHNVTLLTRAMIGA*
iron_aquisition-iron_transport,bin_2_Rhizobiales.faa,k99_784_12,YfeB-family-membrane-proteins,130.7,50.9,11,0,MAGTASAAIEFDDLTLGYDRHPAVHHLTGRILRGALTAVIGPNGAGKSTLLKGLSGALSPLGGSIRLDGFDRRDIAYLPQVTEVDRSFPLSVFDFVALGLWRRVGAFGGIGRRRAGAITEALAAVGLVGFETRPIGTLSGGQMQRVMFARLLVQDAAVILLDEPFNAVDQRTTEDLVALVERWHGEGRTVIAVLHDLGIVASLCRDALLIAREKVAWGPTAEVITEANLGTARRMIEAFDTHAHVCERPAA*
##########################################################################################################################################################################################################
iron_aquisition-siderophore_transport_potential,bin_2_Rhizobiales.faa,k99_839_34,PvdT-family-siderophore-export,539.5,175,13,0,MADEALISLRGVRREYPAGEGTVAVLADIDLDVRAGEFIAIMGASGSGKSTLMNILGCLDRPTAGDYRFAGRSTADLDPDELAELRREHFGFIFQRYHLLSELTALGNTEIPAIYAGVSGADRRKRATAILTRLGLSDRLGHRPGQLSGGQQQRVSIARALMNGADVVLADEPTGALDRRSGDEVLKILAELNAEGHTVILVTHDHEVARRANRIVEISDGRIVSDRPSEAAAQVEPGAAGAVIGTGPAATQASVGALRAALARFEESFRMAVLAMLAHRLRTFLTMLGIVIGIASVVAMVALGEGSRQKVLSNISSLGTNTLEIFPGKDFGDVRSAKIKTLVLADAEALARETYAAGVTPTVSTSTTLRYGSIEASALVNGVGVDYFSVKATKLQTGRFFDAGAARTMSQEVVIDENTARTLFADTSASPIGEVILVGKVPCTVIGVTQKQQGFGASGNLSVFLAYSTVQVRFLGDTSLRSILLRVADEVDNSLAQEATTAFLTRRHGTTDFFIFNTDDIRQTITATTATLTLLIAAIAVISLVVGGIGVMNIMLVSVSERVKEIGVRMAVGARRSDILQQFLTEAVLVCLIGGVLGVAVAFAAGLAFAVFGSSFVFVYSATTIVAAFACSTLIGVVFGWLPAHGAALLDPVAALSRD*
iron_aquisition-siderophore_transport_potential,bin_2_Rhizobiales.faa,k99_839_35,PvdR-family-sideropore-export,193.4,61,13,0,MTPTTRWMIGGIGALAIVAGGWWWRARTAADPLADLLVAEATIGDVQQTVQATGTLRPVRLVAVGAQASGRITAMKVAIGDTVKTGDLVATIDSLTQENDLKSAEAALADVRAQKRQKEASLVYALAVLERETATYAKQASSKDAFESAKATVETTRAQIDSLVAQIAQAEVKVDTARVDLGYTRIVAPIDGTVLLVVTQEGQTVNAVQSAPTIVVLGRIDRMTVRAEISEADVPKVEVGQPVVFSILGDRARKWEARLEALDPAPDSLRSDSTITSSTSTTSSSSSSSSSSSSSAIYYYGRFEVPNPDGALRTYMTAQVKVILGEAKGVVMVPTAALSPAGSGGERTVEVVGAKGATVRREVTVGLDDKVRVEIRSGLSAGEKVVVGRRSTETKASSMPGPPGGL*
##########################################################################################################################################################################################################
iron_aquisition-siderophore_transport_potential,bin_2_Rhizobiales.faa,k99_1514_7,FpvD-family-siderophore-transport,91.5,40,18,0,MRISVQGLGVRLGGRAILHGLDFVAEPGTVTALLGPNGAGKTTLLRALGGIVPHAGRVTWGGAASIPREAIGYMAQDVATRAVLTVFEVVLLGRLSRLGIKVSQGDLAAASRALAAIGIADLAEAHVGDLSGGQRQLVQFAQVLAREPRVIFLDEPTSALDLRNQLHLLDLVRRETRTRGLTTLVTLHDLNAAARFADRVVVLAHGRLHRCGVPEVVIDRDLLAEVWGVEARVTLDEHARPTVTPLGALGGRTEAMEPALGA*
iron_aquisition-siderophore_transport_potential,bin_2_Rhizobiales.faa,k99_1514_8,FpvE-family-permease,280.7,25.8,18,0,VDVGTGPAFLAPATVARSILRLAEDRTVDTIVWTIRLPVALMALVVGAGLGLTGAVMQTILANPLASGYTLGVASGAGFGASLVIVLGTTLPIDEAEAIPLAAFVFASLASAAVWGLGRARGATPEGLVLAGVALLFLFQALTALLQFVASPEALSQIVFWLFGSLTKATWGRLTIVAVAILLMVPILARDAWRLTALKLGDERAAALGVGVTALRMRSLAVVSVLTAAAVAFVGTIGFVGLVAPHVARMTIGEDQRYFLPGSALIGALLLSLASILSKSVVPGAIFPIGIVTALIGVPFFLFLVMRTRRAFW*
##########################################################################################################################################################################################################
iron_gene_regulation,bin_2_Rhizobiales.faa,k99_192_18,PF01475-Iron_dependent_repressor-fur_family,77.6,23.8,22,0,MDRLDPFATARDTDAEGGAPDAAASLRPGVIGLLRRSGLRPTRQRVALAGLLFSSGDRHVSAEKVYEEAVGARIQVSLATVYNTLNQFTEAGLLRELAVSGAKSFFDTRTTPHHHFWIEEDGEMIDVAAEAVDIARLPAPPEGMEIAGVEVMVRLRRSLRPD*
##########################################################################################################################################################################################################
iron_gene_regulation,bin_2_Rhizobiales.faa,k99_1110_5,Sid_YqjI_regulator_for_YqjH_P64588_Escherichia_coli_180606,114.7,20,25,0,MFEKMQGEMRRFGERAMWEGRDRFGFGRQGHGGGPFGGGGPFGGRGGRGHGRGGRFFEHGGLKFVVLALLAERPRHGYELIKEIEDKVGGAYTPSAGVVYPTLTLLEETGLIEVSPSEGNKKLFAVTAAGHEALAANRDLVDALFARMSEAGRQRGGDRDPRLVRAVENLKLALRLKLDTGLDDARTTALAALLDETVSRIEKL*
##########################################################################################################################################################################################################
iron_gene_regulation,bin_2_Rhizobiales.faa,k99_2146_41,Sid_PchR_pyochelin_regulator_Pseudomonas_aeruginosa_PA4227_180623,20.6,18.3,27,0,MDPLSDVIALLRPSTAISKPITGRGRWGVRYGAHDAPGFAIVLRGACWMSFEGQAPLKFETGDFLLLPSTPAFTLSSHLDVDCEPRDPMDTPVRHGDQEGDADFESLGGTFRIEQVNAPLLLALLPRIIHIPASEGRTGRLGRVIELIREECAADEPAKEMILQRLLEVLLVETLRWRGIAADDVRAGLLAGMRDPTLARVLRAMHADARADWTVAGLAKVAGQSRSAFAARFGEVLGCGPIEYLARWRMALAKDALLRGTKTLDRIADEIGYESASAFSTAFRKRLGCPPGQFARAAVAAPWGDRDGRIPSVS*
iron_gene_regulation,bin_2_Rhizobiales.faa,k99_2146_45,Sid_PchR_pyochelin_regulator_Pseudomonas_aeruginosa_PA4227_180623,28.8,18.3,27,0,MTQALFDLVRRHADAHADRFGEAPTPIPGLTAIRASAPSPLQVAVSRPLVAILLQGRKRVTMGSDTFEYGPGESLLISADVPTVSQITQATLVNPYYSLVLEIDLAVLRDLSIEIAGAPADVAGPVRVARTDEDVADAARRLMRLLERPAALPVLRDPLLREMHYWLLTGRHGAAIRSLGVNDSHARRIARAVAVIRQGFARPLRIEELATVAGMSTSSFHQHFRTVTTLSPLQFQKQLRLIEARRLMLAEGAGVNSAAWAVGYESVPQFTREYGRFFGASPARDIRRAQLCA*
##########################################################################################################################################################################################################
iron_gene_regulation,bin_2_Rhizobiales.faa,k99_1580_13,Sid_PchR_pyochelin_regulator_Pseudomonas_aeruginosa_PA4227_180623,33.8,18.3,28,1,MLGIVLLPGFTLLSYSALNDVLRHGCDRGAESRVDFDCRIPGSAPVRSSCGVEVVPTAPLPAAEACDLVAVLGGREATALAGRGAIIDGLRLADARVATLVGSGSGLFPLIEAGFFDDAPCATDWYGECDGDLRFAGVEAVTGRDLVVAERRVSCAGGAAALVLGNWLIECHCGPSRAAGTMAKALVAAVPAPISSHDDGGEAARDPRVRRALGLIARNLARPMRVEAIAAAVGLSKRQLERVFHQLVGRSVQQYSHDLRIGFGLWLLVKTTKSITDVALEAGFSDGSHFNRLFRTAYGMVPSEV*
##########################################################################################################################################################################################################
iron_gene_regulation,bin_2_Rhizobiales.faa,k99_910_37,Sid_PchR_pyochelin_regulator_Pseudomonas_aeruginosa_PA4227_180623,24.6,18.3,29,0,MPRARTAYGFVLARRFTLSPFALFLDTLRLAGDDADRSERVHYDWQVLDTVGLPIRSSCGVEISSTTRLGRPEDFDHIVVCGGLLKRDAGIDAATAAFLRAAAARRIPITALCTGSFILAELGLLDGYRVCVSWFHIAEFRAAFPHIECTAEPVYLIDRDRATCPGGAGAADLAARLVRRDLGRDPARKASQILLFDRPRDSSDRQPRGALDLDVKHPKVRHALSLMEEDLERRLTIREIADAVGCTPRQLERGFLADTGRSPGAVYLELRMARARRLVETTGLPMIAIAAEVGFVNAAHFGRSFRKLFGMTPTDCRAAAKAGEAQASGS*
##########################################################################################################################################################################################################
iron_gene_regulation,bin_2_Rhizobiales.faa,k99_1768_17,Sid_PchR_pyochelin_regulator_Pseudomonas_aeruginosa_PA4227_180623,22.9,18.3,30,0,MDPRSSLTLALTQTPAGDDLFDAVPDTVYFVKDRDGRYTAVNQTLVERTGRASKADLIGRTADEVFPGALGRRIAEQDRAITLSGRMLTAELELHLHADGREGWCLTWKAPLRRADGAITGLLGMSRDVRPGGETPAETLALSEALAHARTNLDKPLRIGDLAARAGLSAFQFDQRIRQLFGMSAGQYVTRLRIDHARDRLRHTGVPISEIAIECGYADQTAFSRQFRKVVRLSPHRYRGLGGAPR*
##########################################################################################################################################################################################################
iron_aquisition-siderophore_transport_potential,bin_2_Rhizobiales.faa,k99_1834_5,PvdR-family-sideropore-export,193.3,61,31,0,MKVFSARAVTAAVGGVVILAGAAWWARDHWAVDPLAGILTSEVVIGDIERAVLASGTLRPVKLVAVGAQVSGRVIAMKVAIGQTLKKGDLVAQIDDVDQQNALKTTEAALDAVRAQLQEKQATLVYALAALAREETTLAEKASSRDAFEVARTTVATTRFQIASLAAQIVEAEVAVESAKVNLGHTRIVAPQDGMVLLVVTQEGQTVNAAQSAPTIVVLGQVDRMTVRAEVSEADVTGVKPGQPVYFTILGDLDARWDAVLESLDPAPDSIRSDTSIASTSTSSSSSSSTSTSAAVYYYGRFDVPNPEGKLKTYMTAQVHIVLGAAAGVLTVPTSAVSPADARGERSVELVDADGAITKRVVTVGLDDKVRVEIRSGLKAGDRVVSSRKSSDFAKTPPRRPPGGGGL*
iron_aquisition-siderophore_transport_potential,bin_2_Rhizobiales.faa,k99_1834_6,PvdT-family-siderophore-export,380.4,175,31,0,MSEALIALSGVSRAFPAGEGVTVVLHDIDLTIRAGEMVAIIGASGSGKSTLMNILGCLDRPTTGDYRIAGRPTGELDPDELAELRREHFGFIFQRYHLLSELTSMGNVEIPAIYSGIAPAARRTRAAALLGRLGMADRLGFRPGQLSGGQQQRVSIARALMNGADVILADEPTGALDKQSGEEVLRILEELNTEGHTVVLVTHDMNVASRARRIVEISDGVIISDRPVDHPAAAPPPAATTAEQPPVAPAAEQPAGVANSLRAALDRFGEAFVMAVLSMNAHRLRTFLTMLGIIIGIASVVAVVALGEGSRLKVLANIASLGTNTLEIFPGKDFGDMRSGKVRTLVLADATAMARQPYAAGVTPTVTTSSTLRFGSIEASPQVSGVGADYFTVKGTKLASGRFFDGDGVRRMAQDVVIDETTWKTLFPNPDYEPLGRVILIGKVPCRVVGVMQKQTSGFGPSGGLSVFLPYTTVQARFLGNTTLPRSCCSSPTTPTPRWRRRRRRSFFWAATASRTSSSSTPTTSARPSPRPPRP*
##########################################################################################################################################################################################################
iron_gene_regulation,bin_2_Rhizobiales.faa,k99_1733_31,Sid_PchR_pyochelin_regulator_Pseudomonas_aeruginosa_PA4227_180623,34.7,18.3,34,0,MCAATNAGSPKSRRPSTNRTDPIPVFSLYGETSEPTDDGFVHIETIATRSERYAWEIDRHVHHGLCQILVVFAGGVEVRLDDAGIAPAAPCAVLVPPGSVHAFRFRPGTIGRVLTFAEARLAHHAPDRAALVASLFASPAVIDLAEAGAATDRLARLLDDIDGEFHDRAPGWTTMLGAQVVAVLVTLARHHAAPRRETATRPEAELHARFRALVEARFAEHLAVGAYAEALGVTESRLDRAVRAVTGRSAFETTQDRLLLEARRKLVYIAAPVSKLAYELGFEDPAYFWRFFRRRTGMTPSEFRKAERRRADEG*
##########################################################################################################################################################################################################
iron_oxidation,bin_2_Rhizobiales.faa,k99_2230_3,FoxY,422.0,124,36,0,MRSRRDFLGMIASGVLLGPAEMAFAGPTSPPPIVGRWVTGNRRSTPATLVGDGLLFAGESRIGSLNLRQPGAFHWQMPLDSPGAVFRPRCDGDVVVCGSGQALSAWDRRDGRRLWTYTAEVQTGVPTLAEGILFFGDGHRIVALEAATGRHLWHFAGVADTLASYAPLHVDGMVFAGPGDGRLYALSSREGRLVWQSDRMAEWQYLRQLHFGGGVVVAGSYKELLYGIDPRNGAVLWRFNAGNFINSHHVAGDVAYLWSPTGWIYAIDARTGGQRWRHRTTDYGANSGNWGPLMAELTTADGRLYALAMDNVLHVLDIETGRETNRSAISLPLRPFVVPEPDGSVLVGTNGGEILRLTVV*
iron_oxidation,bin_2_Rhizobiales.faa,k99_2230_4,FoxE,450.3,37,36,2,MSVTKTTIALASAFGMTLLAATFIPGTLSVSADERKEEEEHKKRKKSIAKSYMEELQAGKIKAEGDHAAVSELILKRNIPIHYDYIATLMRTPNAFGPGPACVICHSSGDPEQSYRGLDLSSCAGIIAGSTEEPARKLFTPGSDAKKEVLGRRMRNNRMPLGIAFNVPLDSKPIAIIRAWIADGAKDGENFKKNVLPLFAKDNMFAQDTPACTGCHMSNQEPPSFHELDLSTYKGIMLGADSVAKGVANATKVIIPGSPETSGVFQHLTEDRMPPGISPTEDRDHPNTQILLRWVQQGARCD*
##########################################################################################################################################################################################################
iron_gene_regulation,bin_2_Rhizobiales.faa,k99_2050_3,Sid_PchR_pyochelin_regulator_Pseudomonas_aeruginosa_PA4227_180623,21.2,18.3,37,0,MSDFVQDAVAAAWQHGAMTTAPRDIDRHDMPSLATGETARYFVPSRYPELDCLTATFTTHSYAPHTHDTYVIGAVGRGVEVWNARGRKHYAGPGDVLFNLPLDVHDGMPHGGGYSYRMTYPSEAFLRDLAVAVGGRDLGAPFFRDNVVHDPESAALFEAAHRRLESGDDGLAAEEMLTTAYGRVLRRHARIEALSLGREPGPVGRVMRLIEEAHAEDLRLADLAAVAGLSTHHLIRAFRREVGLTPHAHLIGVRVRRARDLLRAGEAPAAVANAVGFADQAHLTRAFKARIGVPPGAYRRAVAPERRFSSRPAAGGASSSPP*
##########################################################################################################################################################################################################
iron_aquisition-siderophore_transport_potential,bin_2_Rhizobiales.faa,k99_1926_19,ExbB-family,124.4,22.3,39,0,MNAEVAQVALAAPNASISLLSLFFSAHIVVKLVMAGLFLASVWCWAIIVDKVVLFLRTRRQMDNFEQIFWSGQSLEDLYRTLSTRSNHGMPALFVAAMREWKRSHEGGRPAIGSLQQRIDKVMDVTINREVDRFNSNLLVLATIGASGPFIGLFGTVWGIMTAFQGIAASKNTSLAVVAPGIAEALFATAIGLVAAIPAVIAYNKLSSDAGALGGRLETFADEFSAILSRQIDERAVA*
iron_aquisition-siderophore_transport_potential,bin_2_Rhizobiales.faa,k99_1926_20,ExbD-family,104.7,32.7,39,0,MAMAMGGAGGGGRRGRRGRARKGPMADMNMTPFIDVMLVLLIIFMVAAPMMTVGVPVDLPETRAKAMEGQTQPITVSVDGQGRIFIQDAELKLDELVPKLQAIAKNGIDERVFVRGDRTTDYGTILRVMGRLNDAGFKKIGLVSLPETASR*
##########################################################################################################################################################################################################
iron_gene_regulation,bin_2_Rhizobiales.faa,k99_685_14,PF01475-Iron_dependent_repressor-fur_family,136.9,23.8,40,0,MTRSTNDEGADHAAEISLEERCVTAGMRMTDQRRVIARVIETSLDHPDVEELHRRAAAIDKRISISTVYRTVKLFEDSGIIERHDFRDGRSRYETVSEDHHDHLIDLRSGKVIEFRNADIEKLQQFIARELGFRLVDHRLELYGVPLDDEHT*
##########################################################################################################################################################################################################
iron_gene_regulation,bin_2_Rhizobiales.faa,k99_2149_16,PF01475-Iron_dependent_repressor-fur_family,71.3,23.8,41,0,MGQATPQSLLPPEVELDAIDDTGIGQMTDTTDQDIADRLRAAGISLTLQRLVIARVLLARPIHLTADQVWARARVIMPEISRATVYNTLDLFERSTLLRRLIIDAEKVVFDSNTAPHHHLYDASTGEVTDISAGELKVIGMPSLPPGMEIEDVDVVVRIRPRAR*
##########################################################################################################################################################################################################
iron_gene_regulation,bin_2_Rhizobiales.faa,k99_530_13,PF01475-Iron_dependent_repressor-fur_family,27.3,23.8,42,0,MTRPRSRTDEAVLDVLRGAATPMSAYQVLDHLRPSGVQSPPVVYRALDRLEKAGQIHRLEALGAYFACCGRDHAKGTVFAVCTACKRVEEWSGEGIDALLAAEAAKAGFTIEGRTIEVRGLCAACRGEAPVSDGGLDSHGPGCECGHDH*
##########################################################################################################################################################################################################
iron_aquisition-iron_transport,bin_1_Betaproteobacteria.faa,k99_1538_27,FeoB-family-iron-transporter,161.6,120.4,43,0,MKRIALVGMPNTGKSTFFNRATGASARVGNWPGITVDLLGAKLLLAGEMVELVDLPGIYDLHGFSDDEQVVRHFLENNPVDLVVIILNATQIDRQLSLALQIKQLCLPAVLLLNMADEAKKFGITVEAGKMSNALGMPVVLLSAKYGNGYQDAHQVIAQGIQHSTPVPPEKLQVLLAADDQIETDMEAVLKRTVQMPVQLSDNLTTRLDRLLLHPWLGLPLFFLIMYLLFQAIFLLGKPLQDGVGWVLEAFKQGALEPLLSGLPAALQGLLIEGIYNGVGTVATFVPIIILFFLFMALVEDSGYLSRAAFLMDALMARLGLDGRSFVMLLLGFGCNVPALMGTRVMRSRALRLLTMLVIPFSLCSARLQVFVFITAAIFSPKAAPLVLFSLYLFSFAAAFTTALLFKNRFRNNEPFILELPPYRFPTLRQMILRGWHEVRHFLSRASKFIIAGVVLVWLLTHFPQGAAPGSDATWAGMIGHFMEPLLSPIGINQQLAIALIFGFVAKEIVVGSLAVIYGLEGTALTGIMAQQLDWVQAYSFMLFTLIYTPCLSTIATIRSESKSLAFTLFSVAFPLGLAWLLSFAFYQAARALGY*
iron_aquisition-iron_transport,bin_1_Betaproteobacteria.faa,k99_1538_28,FeoA-family-iron-transporter,75.5,21,43,0,MDTDTINLETLQPGETGTIAALHTDRALSYRLAALGFRVGKRVEVIRHGRFSGPLHVRIGATDIMLRRKEAQKIEVKALA*
##########################################################################################################################################################################################################
iron_aquisition-iron_transport,bin_1_Betaproteobacteria.faa,k99_2255_9,EfeU-family-iron-perease,81.8,24.9,44,0,MGNTLFIVWRESVEGILVVGILYAWLKAHPESARGMRYLWGGVAAGLVLAGLLALAMLGVYSSLDGEALDYFQLGMMLVAAGLITQMVFWMRKHGHALKKGLETCLERAAGEANWMGVSVIAALAVGRESAETVIFLYGTGMGQQGTAFAQFLGAAALGFALALLTFWLLVKGGRTLSWKSFFRISETLLLLLAAGLLAGGVERMIGFGWLPALADPVWDSSFLLDDNTTVGNLIATLSGYRAHPALTLVLAYAAYWALVLGWPRLRTQAA*
iron_aquisition-iron_transport,bin_1_Betaproteobacteria.faa,k99_2255_11,FutA2-family-iron-binding-proteins,414.7,115,44,0,MKTLRFSTLLGAAIFAFASPVLADEVVVYSARNEQLIKPLFDAYSKETGVRIKFITDKEGPLLQRLKAEGENTPADMLLTVDAGNLWEAAREGLLKPVQSKVLASNIPAHLRDPGNQWFGLSVRARTIFYNTQKVKPADLSAYEDLGSAKWKGRLCLRTSKKVYNQSLVAMMIAEHGEAKAEQAVKSWVANLATDPFPDDTKMLEAIAAGQCDVGIANTYYFGRLMEKKPGLPLGIFWPNQKENGVHVNVSGAGITKYAKHEKEALRLLEWLSSDKAQNLFADVNLEYPVNPAVKPDAVVSAWGTFRQNPLNLAKAGELQAAAVKLMDRAGYK*
iron_aquisition-iron_transport,bin_1_Betaproteobacteria.faa,k99_2255_12,FbpB-FutB-family-iron-permease,253.2,118,44,0,MDTTERAARPPRTGIFTGWRLAAFGIALLTVVPLAVVLSAFFSPEREVWQHLADNVLPGLLANTFRLTLGVGMGVTLLGVSLAWLTAACDFPGRKFFSWALLLPLAVPAYVTAFVFVAWFDFTGPVQTWLRAAFGSSGWFPGIRSGGGAALVMTLALYPYVYLLARNAFLTQGRRALEAAQSLGHSRSEGFFRVALPMARPWIAGGLMLALMETLADFGTVAVFNYDTFTTAIYKTWFGLFSLTGASQLASILVLLVFGLILLEQLTRSRMRYTQAGRHSQAERIRLAGARGWAATAFASAVFLAAFALPVAQLAAWTAQVAVRDLDERYLGFLGHSLSLGGIAAILTLAAALVLAYAQRRHNDPATRIMVRVATLGYAVPGPVLAVGIVIPLAYLDNQLVAAGKLLFGQNPGLLLQGTLLVMLPAYLTRFLAVGFNPVESSMQRITRSLDEAARTFGVTGVAMLRRVHLPMLRGGLFSAAALVFVDVMKEMPITLMTRPFGWDTLAVRIFEMTSEGEWERAALPSIALVAAGLLPIALLLRHTEK*
iron_aquisition-iron_transport,bin_1_Betaproteobacteria.faa,k99_2255_13,FutC-family-ATPase,416.1,376,44,0,MNTHPQCHAHLPGATMLELNELSLAYGRQPVVNRLSFRLKQGDIGCLLGPSGCGKTTVLRAIAGFEPVAAGEILIDGNPVAGPGFSLPPENRRVGMVFQDYALFPHLSVARNVGFGLKGWTVPEQAERVRQLLEMVGLPDTGQKYPHELSGGQQQRVALARALAPCPSLLLLDEPFSSLDVALRERLGQEVREILKAQNITALLVTHDQHEAFAIADEIGVMQGGELRQWDSAYNLYHRPANRFVADFIGEGVLLPGTVLSAGGVETELGVLAGGIPEACRAGSVVDVLLRPDDIVHDDASLLRARVAHKAFRGADILYTLQLPSGAKAFSLVPSHHDHAIGEPIGICLSANHVVTFPR*
##########################################################################################################################################################################################################
iron_aquisition-siderophore_transport_potential,bin_1_Betaproteobacteria.faa,k99_1297_3,PvuD-family-ATP-binding-protein,188.8,172,47,0,MLRAQRLNLSVPGKTLCRDLDVVVKPGECWAILGRNGSGKTTLLHALSGLRMAGSGGVSWDGKPLADYPRRDLARQIGVLPQDEGHEFWGTVLEYVLLGRYPYSRGFGISGEDEDAAASALRQVGMAEMAGRTLATLSGGERQRVRIAMLLAQAPQLYCLDEPLQHLDLGHQAEALRLFRRLAAEEGRTVLMVLHETLWAGRFCDHALLLYDNGEIASGTAAELLTGENLERLYQCGLRELSTEGGRCWVPA*
iron_aquisition-siderophore_transport_potential,bin_1_Betaproteobacteria.faa,k99_1297_4,FpvE-family-permease,288.3,25.8,47,0,MNSTLHFPATWLVLTVVAPIASVVTGLAFGSVDLPLGDVLRALIGKEATLVTDIVWQLRLPRVLSAFACGGLLALAGALLQALLRNPLADPYILGISGGAAVAALSAMIFGLAAAAVSFSALGGALAAVGLVFALGFSRGGNMVRLLLTGVVLSAGFGALISLLLTLAPDAQVRGMLFWLMGDLSQAQAPGPVWGILLAALGFGWWQAKSLDILGLGELKAHSLGIAVRPLQIAIFFAASAATAAVVVEAGTIGFVGLIVPHFVRLLGFSGHRRLLPLAALAGGCFLTLADTLARTAIAPQQLPVGVLTALLGVPLLLFLLSRKA*
##########################################################################################################################################################################################################
iron_aquisition-siderophore_transport_potential,bin_1_Betaproteobacteria.faa,k99_1958_6,PvdT-family-siderophore-export,291.3,175,51,0,MKLFAIFAEAWRAMAMNGLRTALTMLGMVIGVAAVVLMLAVGQGAQYTVNQSIASMGSNLFIVLSGASTSGGLRFGSGTVPTLTLADAQALAQIPSVKAVSPSYPGNAQLAYGANNWSTIVTGSTPDYFTVRNWALDSGHPFEESDVRGATRVVLLGRTVAKNLFGEDDPTGKTIRIKNMPFLVVGLLSAKGQSLDGRDQDDTAVVPVTTAQRKLFGNQFPGTVRYLMVQAKSTEVMGEAEREMAQVLRQRHRLAEDAENDFTIRNLTSVAQSAAGSAQAMSFMLGAIASISLLVGGIGIMNIMLVSVTERTREIGIRMAIGARRRDILLQFLLEALIICIVGGLVGVMIGVGGAWLVSSMAGMAAVVTLWSILLSFLFSAAIGIFFGYYPARRAAMLKPVEALRYE*
iron_aquisition-siderophore_transport_potential,bin_1_Betaproteobacteria.faa,k99_1958_8,PvdT-family-siderophore-export,245.5,175,51,0,MAAPLIRVKGLHKQYEIKGGRSVPVLHDVNLSIAAGEFVAIMGPSGSGKSTFMNILGCLDTPSSGHYFLNGRDVAQLGHDELASLRNSLIGFVFQGFNLLKRVSAQENVALPLLYAGVGRKERRLRALEVLQQTGLEKFAQSLPNQLSGGQQQRVAIARALINRPRLILADEPTGNLDTHTSQEIMEVFTRLNREQGITIILVTHEHDIAHYADRLVSFVDGRVAHDGKVSAFTTNDTNRHE*
iron_aquisition-siderophore_transport_potential,bin_1_Betaproteobacteria.faa,k99_1958_9,PvdR-family-sideropore-export,141.1,61,51,0,MPLTRSIRNLFFFLAIVAVSGGIYYWQSQGAGQSREKYKTQPVDRGDIVQTISANGTLSPVVLVNVGTQVSGTVKKLHADFNSRVQNGQILAELDPALFEAQLKQDQANAANADASLTLARAKEQRARLLQQKGFISQDGVDQARQQLDSAQAQLKLAQAQLARSRTNLNYSVIRSPISGVVVARSIDVGQTVAASFQTPTLFQIAGDLKQMQIETSVAEADIGDLKIGLPVRFSVDAFVDRQFSGKVKQIRLNPTVQQNVVTYNVVVAVDNPDEVLLPGMTAHVQVTVSRHENVLRLPNAALRFKPVKQEGGDSSAKNGKNRKEKGRGGATVYLLDKGEPKPVRVKTGISDGAYTEVLGEEIKAGDQLVTRELAARKEKEGGFRFRMM*
##########################################################################################################################################################################################################
iron_aquisition-siderophore_transport_potential,bin_1_Betaproteobacteria.faa,k99_245_21,ExbB-family,145.2,22.3,53,0,MNLTQDLSFLSLITHASVVVQLVLLLLLMASGLSWFFIFGKMFAIRAALREADKFENEFWSGADLNNLYQRTSSGRTQVVGMEKIFEAGFREFLKLKRQGRMDIGVVMEGTRRAMRAACQRELDALERHLAFLASVGSVSPYVGLFGTVWGIMNAFRGLSNVVQATLAHVAPGIAEALIATAMGLFAAIPAVLAYNHFSHDVDRLATRFDSFMEEFSNILQRQTGA*
iron_aquisition-siderophore_transport_potential,bin_1_Betaproteobacteria.faa,k99_245_22,ExbD-family,92.2,32.7,53,0,MNRRPRRFMNQINVVPYIDVMLVLLIIFMVTAPLINPGQIELPQVGQSLKPPVVPLEVEIRKDNSLRLRDRGKSGVEIRVSQQELVDAIKEQQARNPEQAVVISADKSVRYEEVLKVMDVLQSSQVKKVGLLAKPRAG*
iron_aquisition-siderophore_transport_potential,bin_1_Betaproteobacteria.faa,k99_245_23,TonB-family,60.0,21.8,53,0,MMPPAERKEPGRGLAIVLAVLVHLIFVAVLVFGVDWQTKEASPVMAELWSSLPAPKAVPQPAPRPEPSPEPEPKPKPEPEPKPLPKPEPKVEQAKPAKPEIELKEKEKKRKEEERKKAEAEKRKEEAKRQEQEKLKQQKQERALQEQQRQHEAEVLRQQKEVASALARQQASARQREVDGYKSKIRDKIKRFINNQPCLALNNPEAEFDVTLMPTGQLLMDPRLKRSSGNASCDQAIERGILRAQPLPLPPADSGLLSEFRELNLVLRPNE*
##########################################################################################################################################################################################################
iron_aquisition-siderophore_transport_potential,bin_1_Betaproteobacteria.faa,k99_385_1,TonB-family,74.7,24.6,54,0,MPQAGIDREWLRWLPALGLVVLLHVMAWWGYTHFRSEPVPPRPLPVVLVTLLAPPAPRIAPLQPPAPEVAQPPKPKSMTKEVPAPVPARIAEAVAEQAPQQAPPQVAPIAPPVQPAPAAPRLAPEPVLELPRYNAAYLSNPPPAYPFAARRRGIEGTVLVRAEISAGGECLRAGLKKSSGNGMLDQAAVDAVKEWRFVPARRGSQAIAAWVEVPITFKLENN*
iron_aquisition-siderophore_transport_potential,bin_1_Betaproteobacteria.faa,k99_385_2,ExbB-family,130.8,22.3,54,0,MLHFSSSDIVTATLWVLAAFSVATWTLIVVKGWMQWRLSKENRQFSRAFWNAKGLIEAEKSARSAEGPLARLAHAGFSALRNMQKGDEQDLQHSGDQQDILERCLRSQVQKEQNRLDSGLMVLASIGSTAPFVGLFGTVWGIMHALQDISRSGSAGLDVVAGPIGEALVATALGIATAIPAVLAYNYGLRRTRLYVAELEDFATDFLHLAMKSGFRVE*
iron_aquisition-siderophore_transport_potential,bin_1_Betaproteobacteria.faa,k99_385_3,ExbD-family,104.3,32.7,54,0,MAMHTRSEQTAMSEINVTPLVDVMLVLLIVFIVTAPLLMQSVKVNLPRTAAVSPMQQTRTIRMAIDARGGVFIDQRPIRFEALEDELKKIAARDSDPQVQLRADESVRYGRVAQVMALLQRAGITKLAFVTSPANHAGLADKQR*
iron_aquisition-siderophore_transport_potential,bin_1_Betaproteobacteria.faa,k99_385_4,TonB-family,72.2,24.6,54,0,MIESNPNPMEKSGDIDAAGRLVLALGASVALHLALMFGVHVKAIQQAGGPRPALAVRIEHAAPGGEGAAALSAALPSGPVQAEEKAPAGSENDEPQPVAAASPAAEQAATVLPAVEIPLLEDPTWYPARQVDVHPAPLYPVKPDYPDKGAEQGVEGSVVVLLLIDEAGVVRDVSVVEADPEGVFEESALQAFRAARFTPAQKNGRAVKSRVLIRVTYELLRRAKPVMGQPPLPAAP*
##########################################################################################################################################################################################################
iron_aquisition-siderophore_transport_potential,bin_1_Betaproteobacteria.faa,k99_618_4,ExbD-family,104.2,32.7,55,0,MDFQRGRAKEEPEINLIPMIDVLLVILIFLMVTTTFSQIAELQINLPAAEAEKPAEKPASINVAVDAAGHYHIDGSAVADAAADSLSLALRRAAGGKPDPVIIISADAKSTHQSVVTVMEAARQAGYSHITFATQANSGK*
iron_aquisition-siderophore_transport_potential,bin_1_Betaproteobacteria.faa,k99_618_5,ExbB-family,98.5,22.3,55,0,MWSIIEAAGWPIWPLIIASVISLTIIGWHLWTFNLIAPKNLLPNVQEWIRQGAVDSAKLAQLEKHSYLGQIFAAGLRNTKSSREVMQEDIEETGRRVAHEIEQPRLKYGLSFLVSLNTLGTIASVSPLLGLFGTVIGMVEIFGALKPTGGSPAELAHGISVALYNTAMGLIVAIPSMIFYRYFRARAEALVLEMEQQAIKLVQIVHGERQ*
##########################################################################################################################################################################################################
iron_gene_regulation,bin_1_Betaproteobacteria.faa,k99_370_12,PF04773_FecR,29.1,21.3,56,0,MKHLLVAVFLMWGAFAWAEDASSVRITQSDGSVEIRRSGAQDWTPAKEGDVLDRGDRLAARDKSGALLFWSNGSMVKLYPNTEIELAGVSFDLEKKMEKTILDLHKGRLFIKAQVPEHLFSEFQVRMGALNVRTQGAEFAINHDPDKKSFTAWSVIGRLVIDVGTDRLRIDDGQQVTITAGAKPAQDAVKPMDDKIKQSLAKVSKDLGGSLLAEESAGAAGGKLAAKIGGVANRRGNAPYKVNFKAVVGGGSGKLKSIAWDFGDGESASTKEAEHTFTQGLYVVILRVEDENGEKASAQTGISVEADCGC*
##########################################################################################################################################################################################################
iron_gene_regulation,bin_1_Betaproteobacteria.faa,k99_191_14,PF01475-Iron_dependent_repressor-fur_family,126.3,23.8,57,0,VRHLNAEDVYKILLADGEDVGLATVYRVLTQFEAAGLLIRHHFEGDKAVFELNRGGHHDHLVCLQCGKVEEFHDPEIEKRQDKIARERGFAIREHSLYLFAECIKPNCPNKT*
##########################################################################################################################################################################################################
iron_gene_regulation,bin_1_Betaproteobacteria.faa,k99_1452_11,PF01475-Iron_dependent_repressor-fur_family,67.8,23.8,58,0,MNTQMYTRDNMIELLRKHGINPTHQRIEIAYALFSKQEHLSADQILAIVNTKHSETSKATVYNTLNLFVEKKLIREVIVDPSKVFYDPNTHEHHHFYDVVSGRLTDIDAADFKISGLPQLPAGVITEGIDIIVRIRPQGVAA*
##########################################################################################################################################################################################################
iron_gene_regulation,bin_1_Betaproteobacteria.faa,k99_1541_1,PF01475-Iron_dependent_repressor-fur_family,60.1,23.8,59,0,MGDSQDLKNAGLKATTPRLKILNLFETSDVRHLNAEDVYKILLADGEDVGLATVYRVLTQFE
##########################################################################################################################################################################################################
iron_aquisition-siderophore_transport_potential,GCF_000971475.1_ASM97147v1_genomic.faa,NZ_DF967535.1_19,ExbD-family,84.2,32.7,60,0,MKLRKPRTYRKGRIEIIPMIDVMFFLLATFMLSSLAMQNLDSLQVNLPQGKAEKLNADKPVTMTLTGDSKIFVNRTPVTLQTLAATLEPLLNNSQQSVVVSADNITPQGLVVQAMLQARVAGVRHFLIAVKHE*
iron_aquisition-siderophore_transport_potential,GCF_000971475.1_ASM97147v1_genomic.faa,NZ_DF967535.1_20,ExbB-family,94.2,22.3,60,0,MQDLHETWIAIKLGGMIILPLSLLAIIALAIMLEKAFIYWRYARLPLELLNLAETYGFAWEDLEKKLYGLNERHYFRRFFEVVIANRSRPAWWTESRAADEAQLIETSLARRLWVLETIVTAAPLLGLMGTIGGMMDAFKIIGGSGIVNPTGVTGGVAQALIATAIGLLIALIALFGFNYFSRVQSQTMDEMERLGTRLIDHIRLDQQGDAHEAA*
##########################################################################################################################################################################################################
iron_aquisition-siderophore_transport_potential,GCF_000971475.1_ASM97147v1_genomic.faa,NZ_DF967522.1_13,ExbD-family,106.5,32.7,62,0,MDLREGNEPYDDINITPMLDLAYVLLVIFIIMTTATVQGIKVNLPKASTTPSLAKPKTKAVTIDANGQVYLDTYPVTIAELESRLRSFKAITPDLPVVIKGDTTIQYGKVVEVMDLCGRLDITQLGLVTQKPAK*
iron_aquisition-siderophore_transport_potential,GCF_000971475.1_ASM97147v1_genomic.faa,NZ_DF967522.1_14,ExbB-family,103.1,22.3,62,0,MLMMAPQMAHAWWNGDWTARRKITLDTTSTGLPLKQELALPVVLVRLHTGNFAFDEANLDGSDLRFLAEDDKTPLKFHIEKFDSTAQIAMVWVQLPKLQPGTKERHVWMYYGNEKAAAVSDPKGSFDENQTALFHFNESTGAPKDATAYANNASQFDGSHIPGGMIGSAVAFNGQQSLLIPALPSLKITAANGASISFWVKPAAAQSAPILTLRDGTASMVVGMDGAQVYAKVEGGTAPGETKHAGNLAPGTWHHVAVTIAKELTLYVDGQPVATAPVASPELQGEVTIGRGFQGEMDELQLSNVVRSADTILVAAVGQGPEAKLLSLGEIESKESGSSSYFGVILQSVTLDGWVVIGILMVMAVISWMVMVTKALVINKTYKANTEFLEAFHKLKVSDTAKLDAEDTADDADIKDSALMLALLGKHDHYQNASLYHIYHTGVQEVKHRHSITSSDKTLTPQAVSAIKAALDGTLVRENQKLNNLMVLLTIAISGGPFLGLLGTVVGVMITFAAIAATGDVNVAAIAPGIAAALVATVAGLAVAIPALFGYNYLGSRIKTITADMQVFVDELIGRFAEAYAP*
##########################################################################################################################################################################################################
possible_iron_oxidation_and_possible_iron_reduction,GCF_000971475.1_ASM97147v1_genomic.faa,NZ_DF967539.1_62,MtoA,371.7,140,64,10,MKLLRQVLTLCAFIGAAVGMSSSMAADISKPVAGSEAPKVVVAKAAPQEAAKDLVLKGDAKCTSCHDEADAPGLLAIGKTKHGTVADSRTPTCTKCHGESEAHVLNAQDTKIRPKPERTYSGQLAPGSLPSADRVDHYFGIQGKRTDTPVEERNGSCLECHQKDAKRSHWMGSTHQSRDIACSTCHKIHSAKDVVRDKRTQTELCFTCHKEQRAQVNKPSHHPIVEGKMACSDCHNVHGSAGPKLMKRDSVVDTCYTCHMEKRGPFVHNHEPVNEDCSNCHNPHGTTAESMLKMRPPFLCNACHTPHGATIPALTGRIISALAPGANTTGKSNINITQGRGCLNCHTQVHGSNNPSATNPTPQFNFR*
possible_iron_oxidation_and_possible_iron_reduction,GCF_000971475.1_ASM97147v1_genomic.faa,NZ_DF967539.1_63,MtrB_TIGR03509,399.4,240.05,64,0,MNTSKQHFGYSQKLMVLSVLAAFGPAHAEEDIAQYIKPDSSISAGLGVASGDSKDRAIFGQYSGMRQNDASLLLDFDIVKRDDATGLWTNFEGRNLGLDNRELRFSQNKQGDWKYSAEYNEITRHDIRTINTGLQGAGTTTPSVTLLGTPGTGSDLNLDLKRKSLSFGVEKWLTPTLQFEANFKNEDKDGARLFGKGFACSADWKAAGACSVSTTQWALLMLPEPINSTTKQFETKLNFSGEKFMVSGGYYGSFFTNSNGSLTPTVPGTLNNPIGTATALDTGLRTTMGLPIALPPDNQAHQLYVSGNYAFTPTTRATFKYAYTHATQNEDFSSMGLTGAPAGISNLGGVVDTNLVQLGLTARPMAKLSLLANIRYEDKKDKTPIAYYNIETKAAGTSIFTNGLTSSKRLAGKLEASYQLPDNYRATLGVNYDTLDRGNPDSTDQIAGLSALRAKTEETGYRAELRRSMSDTLNAAVSYVTSKREGSDWYSLQTSAAAIAAGAGYGSIVPAGTIVGVASTAIFPMSMSDRQRDKVRVAVDWDPLNQLSLQFIVEDGKDRYTTAGVKGMRDTNMRSYSLNAVYTLSEAWKLTGYWATGDQTLDHVNHSADYLAALDNVSTTVGLGVVGKPSSRLEVGGDLTYINDLTKYGLTAAPGVSTNNATQVATYGLPDVEYRQTRLNLFGKYALEKNADIRIDFIHQRTKLDEWTWGYNGVPFAYSDNTTVSMQQNQNVTFLGARYIYKLK*
##########################################################################################################################################################################################################
iron_storage,GCF_000971475.1_ASM97147v1_genomic.faa,NZ_DF967539.1_249,PF00210-Ferritin_like_domain,82.6,44,65,0,MKITKKKLLEELNKDLEWEYAAAVQYVQHASAITGAQYESIQKELIIHSQEEMMHAVMLSDQIDFLGGVPTVDVEKRETDSDSLAMLKQDLKGEDNAINRYKERIAQAEALKEYGLRRVLEDILIQEEEHKRDLLTVIKSK*
iron_aquisition-siderophore_transport_potential,GCF_000971475.1_ASM97147v1_genomic.faa,NZ_DF967539.1_253,PirA-family-siderophore-receptor,88.3,75.3,65,0,MNDKVLRGLVAGVCASMAGSGWCVDVDQKSDTQLQEMVIKGDKPAVPANLPATTEGVTAKQIAESINAVTSAEVIKYLPSIVVRERYIGDRNGIVSTRTTGTISSAQSIVYADNLLLSNFLGNSYSYPPRWGMVSPEEIERVDIIYGPFSVLYPGNSMGGVVQMTTRMPERFEAHANLQVFRESFNLYGTNENYDGAHASASIGNKIGDWSFWISGDHLDTHGHPMSFGTATAGGGGTTTVTGAYRDTDPTGAVRVITGGYSIDHTLQDNGKFKLAYDFSPTVRATYTLGVWQNNSDTSVDSYLKDALGNTVYNGNVKIDGTNYKTASLSPGHAESEHWMQGFSVKSNTRGEWDWEAAVSAYDYNKDISRTANYTANNGVDLGTGAIRQGGQVTLMDGTGWQTLDLRGEWRPDGDLKSKHQVSFGYHIDRYELNSNTYTVATDWLTGAAGALSSNSKGKTETQGLYLQDAWRFAPDWQLVVGGRQEYWKVFDGSNYNSANPNPYKQLNYADRTDTAFSPKVALSFQASTNWALRGSLGKAVRFPTVSEMFQTFTGPGGIKTNDPNLKPEQVVSGELTAERALQNGLWRVSLFQEDKQDALVSQTDTTVSPNITSIQNVDKIRTYGIETALQLSDLWIRGFDLSGSVTYTNSKILQDTQHPAYVGMVQPRIPDWRATLAGIYHASDRLSYSLAARYSGRQYNLLDNSDINPSTYGGASSFLVADAKVVYKVAKQWSTSIGVDNIGNYKAYVAHPYPQRTVFANLKFDY*
iron_aquisition-siderophore_transport_potential,GCF_000971475.1_ASM97147v1_genomic.faa,NZ_DF967539.1_256,PirA-family-siderophore-receptor,110.7,75.3,65,0,MKQRNYLLQRLIVGICAGMAGSAWSAEVGQDAAQTMKEVVVTSTTIDDRFEFKRDEPSSISVISGKEVDDAHIENVIQVLRSIPGVTADLSSGDEIKIKLRGIENQRYMGEKPGVAIVIDGVPVFERTGKVNIDLDNIESIKVIKGGASYLFGEDALSGAVIITTKRGAKYAGATVSMEAGSWGYEKQMARVGFSGEKGNGHIQASHRYGDDYYFQSSYKTDYLNGNFNLYLSDTSDLTFGFEKSDRSKDKHGSVKGVTQAELDPQGVLGRDYTRKYAVDLQKLNLTYSNNYDPRSNILLMGYEYRDHTNFLSAPQSLYTNGTSVLPSDPGYYDAYTTLNNWQQVQRGAKGEWRSSTGNVGWLAGLDLRRNEYQQLNKAGVDYCSRKQGAACAPGASVTAGTIMTDDSTDESVNGAYGEVKFRPATDWTLTFNGRYDELGLDYSAKPGKDNGYVAINRSKSFQNSSWRAGANYALKSNMDVYGNLSTGFRTPTVDQLYRGSLSPSSGKTANNENLRPEESLNLEFGLRTKTEWFGIEMDADASIFQIDRKDYIMATTGQYAGSSPTIQEMYDNIGGVRNRGFELALKSDRKREYAFDLAYSYIDAYFTKYDNFYQVLGSIYATNPTMAHFNNTGRTVPRVPSNQINLTGHWQPSSQFHLGLEMDTKSWAWADEINQEKLPGRTLFNLLANYDIREKGFLSAKWSLFARVDNLFDRKYWVTARGTNDQANYITGAYDNIYNANDLSIVVGRPRTWYAGVSAAF*
iron_aquisition-siderophore_transport_potential,GCF_000971475.1_ASM97147v1_genomic.faa,NZ_DF967539.1_260,TonB-family,81.4,24.6,65,0,MMQVESDREWPRWLPSFGLVVLLHVTVWWGYTHFKSELIPPRPLPVVQVSLIAPPAPLEPKVVPLQPPPPKVERQPKPVVKKAVSAPTPVPVMQPVVEHAQQQAPVAIAQPSPPVPSPPAPPAPEPVLELPRYNAAYLSNPPPAYPLAARRRGIEGTVLVRAEISAGGECQRAELKKTSGHEMLDHAALEAVKKWRFMPAKRGSQAVVAWVEVPITFKLENN*
iron_aquisition-siderophore_transport_potential,GCF_000971475.1_ASM97147v1_genomic.faa,NZ_DF967539.1_261,ExbB-family,131.1,22.3,65,0,MPHFSSSDIVVITLWVLAVFSVVTWTLIVVKGWAQWRLSQENKRFSQTFWNAKGLREAEQAATTAAGPLARLALCGFTALRDMHKGGEQNLQHSGDQQDILERCLRQQVQKEQNRLDSGLMVLASIGSTAPFVGLFGTVWGIMHALQDISKSGSAGLDVVAGPIGEALIATALGIATAIPAVLAYNYGLRRTRLYVAEMEDFTTDFLHLAMKSGFKVE*
iron_aquisition-siderophore_transport_potential,GCF_000971475.1_ASM97147v1_genomic.faa,NZ_DF967539.1_262,ExbD-family,95.3,32.7,65,0,MGLHSRSEQTAMSEINVTPLVDVMLVLLIVFIVTAPLLMQAVKVNLPKTAAVSPMKQTKTIQMAIDAQGGVFIDQRLIHFDTLEAELKKIAAQDSDSNVQLHADESVRYGRVAQVLALLQRVGITKLAFVTTPSGKVPAPEENHKQ*
iron_aquisition-siderophore_transport_potential,GCF_000971475.1_ASM97147v1_genomic.faa,NZ_DF967539.1_263,PirA-family-siderophore-receptor,75.9,75.3,65,0,MTFKPRILAASLAAIMPYHFALAADEAQPTKLEEVVVSASKIDTQQAFGASSLGEASLAPMRSSTSDAASLLRDVPGVSLYGAGGVSSLPVIQGLADDRLRIKVNGMDLISACANHMNPPLSYIDPSNVGSIQVFSGITPVSVGGDSIGGTILANSPAPEFAAAGQGTLLKGQVGGFYRSNGNATGGNLSATVASEKLSMTYSGSTVESGNYKAGGDFKPAGLAFIKGSNSYVNSTKWLPGNEVGSSMYKSTNQSIGFALRHENHLVELKLGFQDIPYQGYPNQRMDMTGNDSEQVNLRYTGQYDWGTLQVRAYNEHTRHKMNFLEDKAFWYKSATQTIPAPGMPMDTEGRNTGALVKADIVLSERDILRVGGEAQRYRLNDWWDASGNGGMSPNTFWNINDGQRDRYAAFAEWEARWTPQWLSQFGVRSETVKMDTGTVQGYNTGATYLADATKFNTSDRSRTDNNWDMTALARYTADSSKTYEFGYARKTRSPNLYERYSWSTGGMAMNMVNMNGDGNGYVGNLDLKPEVANTISATADWHDTEQQNWGLKVTPYYTYVQDYINARRCSSSNTNCGLANQTATTGFVFLQFVNQDARLYGLDVSGYFPLAKNTGYGSFTATGMLNYVNGKTTSGTDDNLYNMMPLNAKLAVVQRLGSWTNTVEAQFVDAKDDVSQIRNELKTAGYGLLNLRSGYTWKKARFDVGVENVFNRLYNYPLGGAYVGQGTTMPPGVAPYGIAVPGMGRSIYAGVTVKF*
iron_aquisition-siderophore_transport_potential,GCF_000971475.1_ASM97147v1_genomic.faa,NZ_DF967539.1_264,TonB-family,54.5,24.6,65,0,MTEFNPKGPRSATSHETGSCEIVCPTPIKLGDLDAVDRFVLALAASLVLHLALILGVQIKAAQQSGKAQSAMEVRIERQAGEVSSVALSTGDPSVVQVTNESKTAEPVRDQKEVPPPAMPASPAVDQANSLLPALEVPLLEDPTWYPAKQVDVHPTALYEIKPVYPEQGVEGNVVLLLLIDEAGAVKEATVMEANPEGVFEESALAAFREAHFAPAQKNGRAVKSRLLIRVSYELNDRKKPAVIQPPLPLTP*
##########################################################################################################################################################################################################
iron_storage,GCF_000971475.1_ASM97147v1_genomic.faa,NZ_DF967543.1_9,PF13668_Ferritin_like_domain,30.8,23.4,66,0,MEDIHQFLAHAVELEREAARRYEELAESMQAESNSEVEKFFRRMAKFSRKHLALAMERGGFRQLPVLSAEDYVWPDGVSPEQFDWIGVDAMIDVNNALDLALDGERRGHAFYADIASTTSDPEVRSMAEEFASEEAEHVAELEKWIAHYAVQTEKPRSDPKQKHPATE*
##########################################################################################################################################################################################################
iron_aquisition-iron_transport,GCF_000971475.1_ASM97147v1_genomic.faa,NZ_DF967529.1_62,FeoB-family-iron-transporter,168.4,120.4,67,0,MKRVALVGMPNTGKSTFFNRATGASARVGNWPGITVDLLGAKLLLAGEMVELVDLPGIYDLHGFSDDEQVVRHFLENNPVDLVVIILNATQIERQLSLALQIKQLCLPAVLLLNMADEAKKFGITIDAEKMSTSLGMPVVMLSAKYGNGYQDAHKIITQAIQSSMPVPPEKLQVLLAADDQIETDMEVVLKQTVQVPVQLSDNLTTQLDRLMLHPWLGLPLFFLIMYLLFQAIFLLGKPLQDGVGWLLEAFKQGALEPLLAGLPAALHGLLIEGIYNGVGTVATFVPVIVLFFLFMALVEDSGYLSRAAFLMDALMAKLGLDGRSFVMMLLGFGCNVPALMGTRVMRSRSLRLLTMLVIPFSLCSARLQVFVFITAAIFSPKAAPLVLFSLYLFSFAAAFITALLFKNRFQNNEPFILELPPYRFPTLRQMVLRGWHEVRHFLNRASKFIIAGVVLVWLLTHFPQNVAPGSIDTWAGTIGHFMEPVLSPIGIDQHLAIALIFGFVAKEIVVGSLAVIYGLEGSALTGMMAQQLDWVQAYSFMLFTLIYTPCLSTIATIRSESKSMPYTLFAVAFPLGLAWLLSFAFYQAARALGY*
iron_aquisition-iron_transport,GCF_000971475.1_ASM97147v1_genomic.faa,NZ_DF967529.1_63,FeoA-family-iron-transporter,73.4,21,67,0,MATVNLETLKAGETATIAAVHTDRALSYRLAALGFRIGKRVEVIRHGRFSGPLHVRIGATDIMLRKKEAQKIEVQTLA*
##########################################################################################################################################################################################################
iron_aquisition-siderophore_transport_potential,GCF_000971475.1_ASM97147v1_genomic.faa,NZ_DF967528.1_216,ExbD-family,106.7,32.7,68,0,MDFQRGRAKEEPEINLIPMIDVLLVILIFLMVTTTFSQIAELQINLPTAEAEKPADKPAAINVAVDANGRYLVNGSAVADTDTAALSLTLRRAAGDKPDPVIIINADAKATHQAVVNVMEAARLSGYTHITFATQAKPDK*
iron_aquisition-siderophore_transport_potential,GCF_000971475.1_ASM97147v1_genomic.faa,NZ_DF967528.1_217,ExbB-family,98.2,22.3,68,0,MLSIIQAAGWPIWPLIIASVISLTIIGWHLWTFNLIAPKDLLSQVQQWVKQGAVNAEKVAQLEKHSYLGQIFAAGLRNTKSSREVMQEEIEETGRRIAHEIEQPRLKYGLSFLVSLNTLGTIASVSPLLGLFGTVIGMVEIFGALRPSGGSPAELAHGISVALYNTAMGLIVAIPSMIFYRYFRARAETLVLEMEQQAIKLVQIVHGERK*
##########################################################################################################################################################################################################
iron_gene_regulation,GCF_000971475.1_ASM97147v1_genomic.faa,NZ_DF967544.1_89,Sid_PvdS_regulator_Paeruginosa_PA2426_180620,18.1,18.7,70,0,MEKFDRLIEEHIPRLRRYARALAGDRTRADDLVQDTLERAWGKFHLWRRGSDLRAWLFSIMHNVYVNGIRKSSAAPMLLPLEEDALNVPVRADQEDGLQVRDVHAALGCLSQDQREVLLLVGLEEMRYEEVAKILDVPLGTVMSRLSRGRERLRQIMAGGAVPALRVVK*
##########################################################################################################################################################################################################
iron_gene_regulation,GCF_000971475.1_ASM97147v1_genomic.faa,NZ_DF967527.1_108,PF04773_FecR,50.7,21.3,71,0,MMVIGSGIIRHGHHIGKALLLLILALTAAVAAASTIVGEAKNAIGTLLVTRSDGIEERLRGKGALALYEGDVLSTGPDSRALIQFRDGVRVALDYRTRFMILSRWEKDKASTRILRLDKGALWVKTRSGSGALEVETPVASAAVSDAEFIIEVLDGGNSILSVIKGVVPFGTAFGTCPIRTDTVSYAVQGKKCTKPETMDVRPAAAWKASLDDSPSDSAAGSKPDAAPLPPFWPPPDASTHQTIPRELVVGNAPATSTLASVAARMERAIGSAGYSSPGYYSVPGGFAMLTQLERINPDATPLPAEQRWKIKVSPVSLTSFNLAAYLKALLGKDAGLFRVIAFVFTAEPIVASGVKPLMDEAKLWVGHGGTALPAKFSALPYSSDMICTALVYEFEIPSHGAAAHQLKPSDHNGQQHLKAARILQALGG*
##########################################################################################################################################################################################################
iron_gene_regulation,GCF_000971475.1_ASM97147v1_genomic.faa,NZ_DF967533.1_168,PF01475-Iron_dependent_repressor-fur_family,156.2,23.8,72,0,MGDSQDLKNAGLKATTPRLKILNLFETSDVRHLTAEDVYKILLADDEDVGLATVYRVLTQFEQAGLLIRHHFEGDKAVFELNQGGHHDHLVCMQCGKVEEFHDPEIEKRQDKIAKERGFSIREHSLYLFAECTKQNCPNKT*
##########################################################################################################################################################################################################
iron_aquisition-siderophore_transport_potential,GCF_000971475.1_ASM97147v1_genomic.faa,NZ_DF967526.1_19,FpvE-family-permease,279.2,25.8,73,0,MSRPFLLILFLILTPLSLLAGVAFGSVDLSLGEVMCALAGKEAGLATDIVWQLRLPRVASAFACGGSLALAGALLQALLRNPLADPYVLGISGGSAVAALVAMLFGLAAAAVNFAALGGALAAVGLVFALGFGRGGNMQRLLLTGVVLSAGFGALISLLLTLAPGAQVRGMLFWLMGDLSQAQAPGLAWGVLVAALALAWWQANSLDILGLGELKAKSLGVAVRPLQLGIYFTASAATAAVVVEAGAIGFVGLIVPHFVRLLGVSGHRWLLPLAVLAGGSFLTLADTLARTAIAPQQLPVGVLTALLGVPLLLFLLTRRT*
iron_aquisition-siderophore_transport_potential,GCF_000971475.1_ASM97147v1_genomic.faa,NZ_DF967526.1_20,PvuD-family-ATP-binding-protein,182.8,172,73,0,MLRAEGLNLSVPGKVLCRDLNIVIKPGECWGILGRNGSGKTTLLHALSGLRAPDAGLVSWDGKPLPDYPRRELARQIGVLPQDEGHEFWGTALEYVLLGRYPHSRGFGITDGDEEAALAALQQVGMADMAHRTLITLSGGERQRVRIAMLLAQAPQHYCLDEPLQHLDLGHQAEALRLLQRLAVEEGKAVLMVLHETLWAGRYCDHILMLYDEGRVLAGSAAELMTLKNLEELYRCGLREIETEVGSYFLPA*
##########################################################################################################################################################################################################
iron_gene_regulation,GCF_000971475.1_ASM97147v1_genomic.faa,NZ_DF967548.1_53,PF04773_FecR,29.1,21.3,75,0,MKSNLLTLYRILALALLLAAATIANPAFASAGRFQFVHGDIRIVAADGRARPAQKGEEVNEGEAIISASNASAQMLMVDGGIVAIRPDTHMRIDEYKFSGQEDGSERSFFSLLKGGFRSITGLIGKLHKENYRITTPAATIGIRGTDSETIHVLPTAGLPSDVQPGTYNRVNTGATVVNGTIVGPNQVAFTPNLATPAVLLPRMPSIFEPPKAPQAPATEGPKPDKKADDKEGEAPSGDKPAQSPPPPGGIIAGENVQLPPPPPPTTALVGAASTTGDVAPAGSVYPAPFGYGGVGADISWRSVCLNPPSCSNNFTGWVGGGGSMVLEANTNRTILLNSSGFPVLIAESDQYGSMKYTAGTATLLDYGQTSIAGTTVRWGRYVGPDSFVDDQGTRDSMVMHLMWADNALSYAQAGPVLSSLGALNFTPVAAGTISDERGASYLLAGGSGLNVAAAGATITLNINTNTVAGRQWSLTYSGTLDKFYQAGTVGGMPMSLGYLNGSPITQGEASGVFIGAGANGALTSFSANAGAAGALTGTAAFMR*
##########################################################################################################################################################################################################
iron_aquisition-siderophore_transport_potential,GCF_000971475.1_ASM97147v1_genomic.faa,NZ_DF967548.1_68,PvdT-family-siderophore-export,299.3,175,76,0,MKILAIFAEAWRAMAMNGLRTALTMLGMVIGVAAVVLMLAVGQGAQYTVSQSIASMGSNLFIVLSGASTSGGLRFGSGSVPTLTVSDAQALAQIPSVKAVSPSYPGNAQLAYGSSNWSTIVTGSTPDYFTVRNWTLDAGHPFEESDVRGATRVVVLGQTVAKNLFGEEDPTGKTIRIKNMPFLVVGLLAAKGQSLDGRDQDDTAVVPVTTAQRKLFGNQFPGTVRYLMVQARSTETMDEAEREMGQVLRQRHHLAEDAENDFTIRNLTSVAQSAAGSAQAMSFMLGAIASISLLVGGIGIMNIMLVSVTERTREIGIRMAIGARRRDILLQFLLEALIICIVGGLVGVLLGVGGAWLVSSMAEMAVVVTVWSILLSFAFSAAIGVFFGYYPARRAAMLKPVEALRYE*
iron_aquisition-siderophore_transport_potential,GCF_000971475.1_ASM97147v1_genomic.faa,NZ_DF967548.1_69,PvdT-family-siderophore-export,227.3,175,76,0,MADPLIRVEGLHKQYEITGGRVAPVLHDVNLSIAPGEFVAIMGPSGSGKSTFMNILGCLDTPTSGHYFLNGRDVAKLNPDELAHLRNSLIGFVFQGFNLLKRVTALDNVALPLLYAGLGQAERRERALEVLRQTGLEKFSLSLPNQLSGGQQQRVAIARALINRPPLILADEPTGNLDTHTSQEIMEIFTRLNREQGMTVILVTHEPDIAHYAHRMVRFVDGRVERDGEVS*
iron_aquisition-siderophore_transport_potential,GCF_000971475.1_ASM97147v1_genomic.faa,NZ_DF967548.1_70,PvdR-family-sideropore-export,130.2,61,76,0,MPSIRSIRIPLVILAFIVAAGGVYYWKSQSANSPQEKYKTQVVDRGDIVQSISANGTLSPVVLVNVGTQVSGTVKKLNADFNSRVKEGQILAELDPALFDAQLRQDQANIANAEANLVLMRAKEERARLLQKKGFISLDAVDQARQQLDSALAQLKLAQAQLTRSRTNLNYSVIRSPISGVVVARNIDVGQTVAASFQTPVLFQIAGDLKQMQIETSVAEADIGNLNIGLEVRFTVDAFADRQFSGKVKQVRLNPTVQQNVVTYNVVVAVDNPDEVLLPGMTAHVQVIVSRHENVLRVPNAALRFKPLREEGGEAAGKNNRKEKGRGGATVYRLDQGEPKPVRVKAGISDGSYTEVLGDELKPGESLVVREMGAKKDKGSGFSLRMM*
##########################################################################################################################################################################################################
iron_aquisition-siderophore_transport_potential,GCF_000971475.1_ASM97147v1_genomic.faa,NZ_DF967537.1_40,PvdR-family-sideropore-export,94.4,61,77,0,MSTPANDVAKTLGLDRQSKVTSRLKPYLVWGGIALAVVLLALFWFGRQSSGLVQYQTQEIKRGGLTVMVSATGTLQPTNQVDVGSEISGTIKTVEVDYNDQVTRGQVLAKIETTKLEAQVKQTAASTEAARARVLQTQATVSEAKAKLARLVQVQDASGGKVPSKAEMDTAKANLDRAIADEANARATVAQAEATLEAQRTDLAKAVIRSPIKGVVLKRAAEPGQTVAATFQTPVLFTLAEDLTQMELHVDVDEADVGKVREAQTATFTVDAYPDRSFPARITQVRFGSKTVAGVVTYETVLKVNNTDLLLRPGMTGTANITVQQAKDVLLVANAALRFTPPQAAPKPKGGGGLVSSMLPRPPSSAPKAADSAEDKQPHVWVLRDGKPEKVMLKIGMTDGIMTEVKEGKFEPGMAVVVDVIEANK*
iron_aquisition-siderophore_transport_potential,GCF_000971475.1_ASM97147v1_genomic.faa,NZ_DF967537.1_41,PvdT-family-siderophore-export,233.2,175,77,0,MDTTSVPVIELRQVTKTFGRGTAAMQALRGVDLVIQSGEFVAVMGPSGSGKSTCMNILGCLDTPTTGSYLFQGVTVGSLSRDQRAILRRHYLGFIFQGYNLLNRTTALENVELPLIYRGDPVEVRHQRAQEALAAVGLSGWEHHTPGELSGGQQQRVAIARAIVTQPAVLLADEPTGNLDTARSQEIMDILTRLNFDQGITIVMVTHEPDMAAYARRTVHFRDGLVVPEHEIQHEGGA*
iron_aquisition-siderophore_transport_potential,GCF_000971475.1_ASM97147v1_genomic.faa,NZ_DF967537.1_42,PvdT-family-siderophore-export,265.4,175,77,0,MLWNALLLAMREIRRNVLRSFLTILGIVIGVAAVIIMVTLGGGATVQVTQQIASLGSNLLIISPGKRMGPGQTVGAAPFSVDDTVALARDIPQLVAVAPTTSRSMTVVYGNANWSTQITGSTDDYFKARNWVAKSGRLFTDSEQRAGAAACVIGQTVRQKLFGNQDPIGARIRLQKIACEVIGLLESKGQSTMGTDQDDLVIIPLRAFQRRIAGNQDVNIIQVSVRDGVSTTRVQQDIEHLMRERRHLSENEENNFNVMDMKEITKMLTATTQVLTALLGAVAAVSLLVGGIGIMNIMLVSVTERTREIGIRLAIGALEREVLLQFLVEAAVLSSFGGLVGIVLALAASVGLASVLNVPFVFNAGIVVIAFVFSAAVGLVFGYFPAKKAAQLDPIEALRHE*
##########################################################################################################################################################################################################
iron_aquisition-siderophore_transport_potential,GCF_000971475.1_ASM97147v1_genomic.faa,NZ_DF967525.1_55,PvdT-family-siderophore-export,183.7,175,78,0,MIRSADSITLALRAITAHQLRSFLTVLGIAVGIAAVILLTSIGEGIHRFVLAEFTQFGTNVISITPGKVKTAGAPPTGIPTSVRPLTLEDARAASHLPNVAAMTPIVWGNSEVSGNGRLRRTTVYGVGPNMLKAFRIKIRSGQFLPQEESDSARAFVVLGAKLKKELFGDTNPLGARVRVGGMQFRVIGVLEAKGQILGIDMDDTAYIPAARALELYNRDGLMEINVTYAEGVPAREVTDALKTLLKARHGREDFTLTTQEDMLRTLSKILDILTMAVGALGGISLLVGGVGIVTIMTIAVTERTGEIGLLVALGAPRRTILGLFLGEAVALSTVGGALGLALGIGIAQLLHLVVPALPVHTPITFVLLAEAVAIVIGLVAGVLPASRAARLDPVEALRAE*
iron_aquisition-siderophore_transport_potential,GCF_000971475.1_ASM97147v1_genomic.faa,NZ_DF967525.1_57,PvdT-family-siderophore-export,210.8,175,78,0,MSAAQIELRGIERVFRLGDSEVHALRHLDVSIAPGEYVAVMGPSGSGKSTLLNLLGLLDRPDAGVYLLEGRDVTTLSPEEQARVRSERIGFVFQSFHLVPRLTAAENIALPMMLAGIPPRERADRVARALKDYGLENRAGHRPDQLSGGQRQRVAIARATIMRPAVILADEPTGNLDRATGEEVIRLLEQLNGGGVTVIIVTHDPVLGGHARRQLLMEDGALRHDSALEGAAQ*
iron_aquisition-siderophore_transport_potential,GCF_000971475.1_ASM97147v1_genomic.faa,NZ_DF967525.1_58,PvdR-family-sideropore-export,68.8,61,78,0,MTSPDFSLVRRLALALAILAVLAFALWWIGRPKLIPVVFGEVDRGKVESTIANTRAGTIEACQRTKLSTILGGRIEVLAVKEGDRVQKGQLLMKLWNDDQQAQGKLAKAQAEVARKRVGEACTLAANAEREAGRQTALRARGFVSISREEAARADAQSRRAGCDTAKADVVQAEAQVRVTRVEQGRTVLYAPFAGTVAKIVGEVGEYSTPSPPGVPTPPAIDLIDDSCLYVKAPMDEVDAPKIQAGQPVRISLDALPKQSFPGRVKRVAPYVSAVEKQSRTVDIEAVFDRPEAAGKLLVGYSADVEVILVVRDNVVRVPTPALFEGGKVLVARADGTLEERKIKTGLANWEYTEVLEGLAHGERVVTSLEREGVKAGVHVVADEKTPPAGK*
##########################################################################################################################################################################################################
iron_oxidation,GCF_000971475.1_ASM97147v1_genomic.faa,NZ_DF967538.1_4,Cyc2_repCluster2,277.9,27.8,79,1,MNKFTKTIQRSVLRKAALVFGLLGITAALFPVDSQALPLFARQTGQNCVACHAGGQFPELTPYGRSFKLTGYTIGDRVSVPLSVMGLATYTKVRDTSKSDNPAGDFSKNGTALASGGSLFLGGKITDNIGAFVQWTYDNFAVQNADGGYSGHSGTDNVDIRYADRFIDTNRDLIFGVSLNNNPSISDPWNTAAAWMQYVPVPSPTSSQFIDGAAPYPGFGSGGNLAGVNLYMYLNKLVYAELGTYQTANGIFSPMSAGLTDASRTKLKGVNNPYWRLALTHEWGPHNIMVGTSGMIAHLYDDNTNTSDPNSVYRVLNTGLDAQYQYILDPHTITAQVAYMRQRTNYSANTVAANVGAGSPSGFFAADGSTLLADPNDSDTTNTFRGKLTYVYQAKYGGSLAYFNLTGTTNTALQTSGYDATSTIVVDPAVSRVNANLSGNPATRGLTYEAFWMPVQYARVGVQYTAYSKFNGATDNYDGLGRNASDNNSLFFYVWGAY*
iron_oxidation,GCF_000971475.1_ASM97147v1_genomic.faa,NZ_DF967538.1_5,Cyc1,191.6,98,79,2,MKKIILTLAVGLAAASSGCSNLERSRDLANPNVPPAVTAVQVCSNCHGVDGNSVSPNFPRLAGQQPAYIIEQMQNFRSQHRSDPAGFEYMWGLSHHLTDDQIKGLADYFAKQVAQPNAPADVQQMAAGKEIFEKGLPAKEAPPCMACHGPKGEGLASFPRLANQHRDYLVKQLQVFQRTDERPNTPMTQIAHLLSHEEMESVASYLQAFPNDK*
##########################################################################################################################################################################################################
iron_aquisition-siderophore_transport_potential,GCF_000971475.1_ASM97147v1_genomic.faa,NZ_DF967585.1_143,PirA-family-siderophore-receptor,89.8,75.3,80,0,MASAGENGTFSESVYLDEMPVVLSVSRLSQPVDEAPAAVTIIDRKMIRDSGAWDLAEIFRLVPGMYVAYHASNVYTTNSTVSYHGLSDAYAHRMQVLVDGRSVYSPLFGGVLWDDIPLALDDIERIEVIRGPNSASYGANSFLGVINITTRHSAETQGKFLSLSTGRGRGEAVARYGGGDGDFTWRMTAGLRNDAGEEARIFDPIKNDTKHEANKQDDKRIRQLTLRADYHLDVRDELELQFGYNGGMREEGFGTDSFYTRQKQVANNFQLVHWRRHLDAGGEVGVQFYHGYEESRDTLYAMPPYTGLSFNAGVEAHRYDLEVQHIFSPSEATRLVWGGSVRLDRTYWPLYLNRQNSFDFHLARLFGNLEWRVKPEVVVNMGAMAENNDFTGTDVTPRVAVNWHFSPGHTLRASHSRATRTPTLYEQEADNRYRVPLPAPYDWIVRYAVGGLKPERIKSTEIGYVGKFSRLDADFRLFHDELSDLISPHNYNPCNPTGTLPMPGGFVLPPNVPVGLTAPGVACYGVDSLGSFNNGSAVIKGFEMQLQWRPGERTRLIYGLSHAIVSSPNENEQPYTNSVPTNSHSLMLAHSFDAHWSGSLTGYHVGEVRALGGVQKVDAYERWDGRLAYRFRSGNGNGELALVVQNLFDARYFEYEAVNQPPGRTAWLNLKLDI*
iron_aquisition-siderophore_transport_potential,GCF_000971475.1_ASM97147v1_genomic.faa,NZ_DF967585.1_144,PirA-family-siderophore-receptor,61.0,21.1,80,0,MRNSLFIFRFSSGCGLLGGTLLLSVGMVSAGENSAFSESAYLDEMPVVLSVSRLSQRVDEAPAAVTVIDRQMIKESGVWDLAEVFRLVPGMVVSYHSARGYSMDNTVSYHGLSDPYARSMQVLVDGRSVYSPLFGGVLWGDIPVALDDIERIEVIRGPNAASYGANSFMGVINIITLHPSETQGKFVSLTTGRNREEGVARYGGRNDAGDLTYRITAGVRNDKGEDPIIVNALSTQGGWDKNKFDDRKVQQFTLRGDYRVNATDELEFQFGYNGGDRQEGDAGTTHPFWKRADNHFEQLRWQRALEDGGELSVQYYHGYESSYGTDINGATSYNMDVIAQRHDLEVQHTFSPSRSTRVVWGGSMRYDNVYAPYYLRNSITKVPDAHAIPFHLGRLFGNLEWRAHPDLVFNLGAMLEENSFTGTDITPRVAANWHFLPGHTLRVSNSKATRTPTNYEKVLADPYLALGVVKQKLRPERVDSTEIGYLGKFSDLNVDFRIFRDEFSDLIVENGTSVGLGNLNPGNAAVKGFETQLQWNVGPRTRLVYGFSHSLVSSLNQAKITYTDAVPTSIQSMMLTHRFDHRWSTSLMGYKTGAVHFPETDTGPQENPLYYVNSYRRWDARLAYAFQAGTTRGELALVVQNLADNHYFEFRHDNEPPGRTAWLNLKLDL*
##########################################################################################################################################################################################################
iron_gene_regulation,GCF_000971475.1_ASM97147v1_genomic.faa,NZ_DF967585.1_192,PF01475-Iron_dependent_repressor-fur_family,65.1,23.8,81,0,MDMKIYTRDNMADLLRQHAINPTHQRLEIAYALFSRQEHLSADQILAIVNTKHSETSKATVYNTLNLFVEKKLIREVIVDPSKVFYDPNTHEHHHFYDVVSGHLTDIDAADFKISGLPMLPPGVITEGIDIIVRIRPQAVAA*
##########################################################################################################################################################################################################
iron_aquisition-siderophore_transport_potential,GCF_000971475.1_ASM97147v1_genomic.faa,NZ_DF967530.1_5,TonB-family,65.6,21.8,82,0,MPPAERKDPGRKWAIALAVLVHLIFAAVLVFGVNWQTKEASPVMAELWSSVSAPAPKVVPKPEPEPVTRPEPKPQPKPVPKLEQPKPVKADIELKDKEKEKEKKRKEEEKKKAEAEKKKAEAEKKLKEQALKVQHAMLEAEQITLNKQREAAEAARQQAAAQAASQRLMNDAIGRISSHIRRFIVMPPDIVGNPQAEFEVSLIPTGEVLNVKLTRSSGNPAYDNAVERAIRKASPLPLPTDPSLIGRFRELKLKFRPNE*
iron_aquisition-siderophore_transport_potential,GCF_000971475.1_ASM97147v1_genomic.faa,NZ_DF967530.1_6,ExbD-family,94.1,32.7,82,0,MSRRPRRFMNQINVVPYIDVMLVLLIIFMVTAPLINPGQIELPSVGQSLKPPVAPLEVEIRKDNSLYLRDLEKSNTAHKISREDLVDAVREQQGRNPEQAVVISADKSVRYEEVLKVMDVLQSNQVKKVGLLAKPRAG*
iron_aquisition-siderophore_transport_potential,GCF_000971475.1_ASM97147v1_genomic.faa,NZ_DF967530.1_7,ExbB-family,142.5,22.3,82,0,MNVTQDLSFLSLITNASIVVQLVLLILLLASGLSWYFIFGKMFAIRAAIREADNFENDFWSGSDINNLYQRSNSGRTPVVGMEKIFEAGYREFLKLKRQGRMDISVVMEGTRRAMRAACQRELDALERHLAFLASVGSVSPYIGLFGTVWGIMNAFRGLSNVVQATLAHVAPGIAEALVATAMGLFAAIPAVLAYNSYSHDVDRLATRYDSFMEEFSNILQRQPNP*
##########################################################################################################################################################################################################
iron_oxidation,GCF_000297055.2_ASM29705v2_genomic.faa,NC_022357.1_332,Cyc1,189.8,98,84,2,MKNILLMLAVGLAATSSGCSNLERSRDLANPNVPPAVTAVQVCSNCHGVDGNSVSPNFPRLAGQQPVYIIEQMQNFRSQHRSDPAGFEYMWGLSHHLTDDQIKGLADYFAKQVAQPNAPADVQQMAAGKEIFEKGLPAKEAPPCMTCHGPKGEGLASFPRLANQHRDYLVKQLQVFQRTDERPNTPMTQVAHLLSHEEMESVASYLQAFPNDK*
iron_oxidation,GCF_000297055.2_ASM29705v2_genomic.faa,NC_022357.1_333,Cyc2_repCluster2,273.9,27.8,84,1,MRRFTMAIQRSILRKAALVFGLLGITAASMFPVDSQALPLFARQTGQNCVACHAGGQFPELTPYGRSFKMTGYTIGDRVSVPLSVMGLATYTKVRDTSKSDNPAGDFSKNGTALASGGSLFLGGKITNNIGAFVQWTYDNFATGADGSYVGHASMDNVDIRYADRFVDANRDLIIGVSLNNNPSISDPWNTAAAWMQYVPVPSPTSSQFIDGAAPYPGFGSGGNLAGVSLYMYLNKLVYAELGTYQTGNGIFSPMSAGMANVDRTKLQGVNNPYWRLALTHEWGAHNIMVGTSGMVAHLYDDNTNTSDPNSVHRILNTGLDAQYQYILDPHTVTAQVAYMRQRTNYSANTVAANVGAGSPSGFFAADGSTLLADPNDSDTTNTFRGKLTYVYQAKYGGSLAYFNLTGTTNTALQTSGYDATSTIVVDPAVSRVNANLSGNPATRGLTYEAFWMPVQYARVGVQYTAYSKFNGATDNYDGLGRNASDNNSLFFYVWGAY*
##########################################################################################################################################################################################################
iron_aquisition-siderophore_transport_potential,GCF_000297055.2_ASM29705v2_genomic.faa,NC_022357.1_406,PvdR-family-sideropore-export,65.5,61,86,0,MKLPDHSLVRRLALGLAILAILATALWWFGRPKPIPVVFAEVGRGKVESTIANTRAGTVEACQRTKLSTILGGRIEMLAVKEGDRVKKGQLLMKLWNDDQQAQGKLAQAQAEVARRRVGEACTLAANAEREAGRQTALRVRGFVSISKEEAARADAQSRRAGCDTAKADVVQAEAHVRVTRVEQGRTVLYAPFAGTVAKIVGEVGEYSTPSPPGVPTPPAIDLIDDSCLYVKAPMDEVDAPKIQAGQPVRISLDALPKQSFPGRVKRVAPYVSAVEKQSRTVDIEAVFDRPEEAGKLLVGYSADVEVILVVRDNVVRVPTPALFEGGKVLVARADGTLEERKIKTGLANWEYTEVLEGLAPGERVVTSLEREGVKAGVHVVADGKIPPAGK*
iron_aquisition-siderophore_transport_potential,GCF_000297055.2_ASM29705v2_genomic.faa,NC_022357.1_407,PvdT-family-siderophore-export,209.5,175,86,0,MSAAQIELSGIERVFRLGDSEVHALRHLDVAIAPGEYVAVMGPSGSGKSTLLNLLGLLDRPDAGVYRLEGRDVTTLSPEEQARVRSERIGFVFQSFHLVPRLTAAENIALPMMLAGIPPRERADRVACALKDYGLENRAGHRPDQLSGGQRQRVAIARATIMRPTVILADEPTGNLDRATGEEVIRLLEQLNGSGVTVIIVTHDPVLGGHARRQLLMEDGALRHDSAREGAA*
iron_aquisition-siderophore_transport_potential,GCF_000297055.2_ASM29705v2_genomic.faa,NC_022357.1_409,PvdT-family-siderophore-export,182.6,175,86,0,MIRSADSMILALRAITAHRLRSFLTVLGIAVGVAAVILLTSIGEGVHRFVLAEFTQFGTNVISITPGKVKTAGAPPTGIPTSVRPLTLEDARAASHLPNVAAMTPIVWGNSEVGGNGRLRRTTVYGVGPNMLKAFRIKIRSGQFLPQEDTDSARAFVVLGAKLKKELFGDTNPLGARVRVGGMQFRVIGVLEAKGQILGIDMDDTAYIPAARALELYNRDGLMEINVTYAEGVPAREVTDALKTLLKARHGREDFTLTTQEDMLRTLSNILDILTMAVGALGGISLLVGGVGIVTIMTIAVTERTGEIGLLVALGAPRRTILGLFLGEAVALSTVGGVLGLALGIGIAQLLHLFVPALPVHTPITFVLLAEAVAIVIGLVAGVLPASRASRLNPVEALREE*
##########################################################################################################################################################################################################
iron_aquisition-siderophore_transport_potential,GCF_000297055.2_ASM29705v2_genomic.faa,NC_022357.1_665,ExbB-family,142.9,22.3,88,0,MNVTQDLSFLSLITNASVVVQLVLLILLLASGLSWYFIFDKMFAIRAAIREADSFENDFWSGSDINNLYQRSNSGRTPVVGMEKIFEAGYREFLKLKRQGRMDVGVVMEGTRRAMRAACQRELDALERHLAFLASVGSVSPYIGLFGTVWGIMNAFRGLSNVVQATLAHVAPGIAEALVATAMGLFAAIPAVLAYNSYSHDVDRLATRYDSFMEEFSNILQRQPNP*
iron_aquisition-siderophore_transport_potential,GCF_000297055.2_ASM29705v2_genomic.faa,NC_022357.1_666,ExbD-family,96.5,32.7,88,0,MNRRPRRFMNQINVVPYIDVMLVLLIIFMVTAPLINPGQIELPSVGQSLKPPVAPLEVEIRKDNSLYLRDLEKSNTAHKVSREDLVDAVREQQKRNPEQSVVISADKSVRYEEVLKVMDVLQSNQVKKVGLLAKPRAG*
iron_aquisition-siderophore_transport_potential,GCF_000297055.2_ASM29705v2_genomic.faa,NC_022357.1_667,TonB-family,62.9,21.8,88,0,MPPAERKKPSRKWAIALAVLVHLIFAVVLIFGIDWQTKEASPVMAELWSSVSAPATKPVPKPEPAPRLEPKPQPKPVPKPEPKPKPEPKLEQPKPVKADIELKDKEKEKEKEKEKKRKEEEKEKKKAEAEKKLKEQALKVQHAMLEAEQVALDKQREAAEAARQQAATQAASQRLMNDAISRISSHIRRFVVMPPDVVGNPQAEFDVFLIPTGEVLNVKLSRSSGNPAYDTAVERAIRKASPLPLPTDPSLIGRFRELKLKFRPNE*
##########################################################################################################################################################################################################
iron_gene_regulation,GCF_000297055.2_ASM29705v2_genomic.faa,NC_022357.1_908,PF01475-Iron_dependent_repressor-fur_family,150.0,23.8,89,0,MGDSQDLKNAGLKATTPRLKILNLFEASDVRHLTAEDVYKILLADNEDVGLATVYRVLTQFEQAGLLIRHHFEGDRAVFELNQGKHHDHLVCLQCGKVEEFYDPEIEKRQDKVAKERGFVVREHSLYLFADCTKQKCPNKT*
##########################################################################################################################################################################################################
iron_aquisition-siderophore_transport_potential,GCF_000297055.2_ASM29705v2_genomic.faa,NC_022357.1_1425,ExbB-family,94.2,22.3,93,0,MQDLHETWIAIKLGGMIILPLSLLAIIALAIMLEKAFIYWRYARLPLELLNLAETYGFAWEDLEKKLYGLNERHYFRRFFEVVIANRSRPAWWTESRAADEAQLIETSLARRLWVLETIVTAAPLLGLMGTIGGMMDAFKIIGGSGIVNPTGVTGGVAQALIATAIGLLIALIALFGFNYFSRVQSQTMDEMERLGTRLIDHIRLDQQGDAHEAA*
iron_aquisition-siderophore_transport_potential,GCF_000297055.2_ASM29705v2_genomic.faa,NC_022357.1_1426,ExbD-family,81.6,32.7,93,0,MKLRKPRTYRKGRIEIIPMIDVMFFLLATFMLSSLAMQNLDSLQVNLPQGKAEKLNADKPVTMTLTSDSKIFVNRTPVTLQTLAATLGPLLNNSQQSVVVSADNITPQGLVVQAMLQARVAGVRHFLIAVKHE*
##########################################################################################################################################################################################################
iron_aquisition-siderophore_transport_potential,GCF_000297055.2_ASM29705v2_genomic.faa,NC_022357.1_1655,PvdR-family-sideropore-export,110.7,61,94,0,MNNASIDEKDPLARIVAAEKSARFLGLSGRVWVIVVLVLFMAIGVFYLRARSAASTPQYLAEEVVRGNLTVTVSATGNLQPTNQVDVGSELSGTIESVLVDDNDRVHKGQLLARLDLSKLNDQVAKSEAALVSAEAQVDLMRATVEESRANLARLRQVAELSGGKVPSRAELDTAQATLNRATANEAGSHAAVTQARATLKSDQTNLAKASIRSPIDGVVLARKVEPGQTVAASLQAPVLFTLAENLAQMELQVDVDEADVGQVHAGQSATFNVDAYAGRKYPANIIRVGYGSQTKDGVVSYKTILKVDNDDLSLRPGMTATSEITTATRENVLLVPNAALRFTPPKQSGKEDKKSGSFVSNLLPKPPSSTSSKPVGSPTKDSSQLVWVLRDGQPVAVPVTVGVSNGHQTEVTGGELKPGMQVITESVVTQK*
iron_aquisition-siderophore_transport_potential,GCF_000297055.2_ASM29705v2_genomic.faa,NC_022357.1_1656,PvdT-family-siderophore-export,232.4,175,94,0,MNGDNTPASLIELSAITKTYGQGQAAFQALSGIDLTIQKGEFVAIMGPSGSGKSTAMNILGCLDIPSSGAYLFRGVHVEQLSRNQRALLRRHYLGFVFQGFNLLARTSAQENVELPLLYRGESAASRHAMARAALASVGLKGWEHHTQAELSGGQQQRVAVARAIVTKPTVLLADEPTGNLDSKTSREIMELLTALNRDQGITILMVTHEPDMAQYAHRIVHFVDGQVDSDIRNGEQA*
iron_aquisition-siderophore_transport_potential,GCF_000297055.2_ASM29705v2_genomic.faa,NC_022357.1_1657,PvdT-family-siderophore-export,228.8,175,94,0,MIWSTFLLALREIRRNLMRSFLTILGIVIGVSAVITMVTLGNGATKVVSDQISSLGSNLLMVRPGKRLGPGRDSAGAPSFKIADADAIRTQVGGLDAVAPTVGRSVTVVYGARNWSTTINGSTNAYFLTGNWKLAAGRTFSDADERAGKSVCVIGETVRRELFGNQNPLGNEIRIKQFSCEIIGLLASKGQGAMGMDQDDTVIMPLRTVQRRLTGSQDVSMLMISVKTSASTAKVIEQINLLMRERRKISGNEEDDFNVLDTKQIAETLSGTIRIMTGLLGAVAAVSLLVGGIGIMNIMLVSVTERTREIGIRLAIGALEREVLLQFLIEAVALSSFGGLVGVALATLASIGLAQLMQVPFLFNPGINLLSFLFSAAIGVIFGYFPARRAAQLDPIEALRHE*
##########################################################################################################################################################################################################
iron_aquisition-siderophore_transport_potential,GCF_000297055.2_ASM29705v2_genomic.faa,NC_022357.1_1850,ExbD-family,104.8,32.7,95,0,MNFQRGRAKDDPEINLIPMIDVLLVILIFMMVTTTFSQIAELQINLPTAEAEKPADKPAAINVAVDAGGRYMVNGSAVADADTAALSLALRRAAGDKPDPVIIINADAKATHQAVVNVMEAARQSGYSHITFATQAKLEK*
iron_aquisition-siderophore_transport_potential,GCF_000297055.2_ASM29705v2_genomic.faa,NC_022357.1_1851,ExbB-family,98.9,22.3,95,0,MLSIIQAAGWPIWPLIIASIISLTIIGWHLWTFNLIAPKNLLAQVQEWIKQGAVNAERLAQLEKHSYLGQIFAAGLKNAKSSREVMQEEIEETGRHVAHEIEQPRLKYGMSFLVSLNTLGTIASVSPLLGLLGTVIGMVEIFGALTPTGGSPAQLAHGISVALYNTAMGLIVAIPSMIFYRYFRARAEALVLEMEQQAIKLLQIVHGQRK*
##########################################################################################################################################################################################################
iron_gene_regulation,GCF_000297055.2_ASM29705v2_genomic.faa,NC_022357.1_2075,PF01475-Iron_dependent_repressor-fur_family,62.4,23.8,96,0,MDMKTYTRDNMADLLRQHAINPTHQRLEIAYALFSRQEHLSADQILAIVNTKHSETSKATVYNTLNLFVEKKLIREVIVDPSKVFYDPNTYEHHHFYDVVSGHLTDIDAADFKISGLPMLPPGVITEGIDIIVRIRPQAVPA*
##########################################################################################################################################################################################################
iron_aquisition-siderophore_transport_potential,GCF_000297055.2_ASM29705v2_genomic.faa,NC_022357.1_2175,PvuD-family-ATP-binding-protein,182.1,172,97,0,MLRAEGLNLSVPGKVLCRDLSIAIKPGECWGILGRNGSGKTTLLHALSGLRAPDAGLVTWDSKPLPDYPRRELARQIGVLPQDEGHEFWGTALEYVLLGRYPHSRGFGITDGDEEAALAALQQMGMADMSHRTLITLSGGERQRVRVAMLLAQAPQHYCLDEPLQHLDLGHQAEALRLLQRLAVEEGKAVLMVLHETLWAGRYCDHILMLYDGGRVLAGSAAELMTLKNLEELYQCGLREIETEVGSYFLPA*
iron_aquisition-siderophore_transport_potential,GCF_000297055.2_ASM29705v2_genomic.faa,NC_022357.1_2176,FpvE-family-permease,276.6,25.8,97,0,MSRPFLLTLFLILTPLSLLAGVAFGSVDLSLGEVMCALAGKEAGLATDIVWQLRLPRVASAFACGGLLALAGALLQALLRNPLADPYVLGISGGSAVAALAAMLFGLAAAAVNLAALGGALAAVGLVFALGFGRGGNMVRLLLTGVVLSAGFSALISLLLTLAPGAQVRGMLFWLMGDLSQAQAPGLALGVLIAALALAWWQANSLDILGLGELKARSLGVAVRPLQLGIYFTASAATAAVVVEAGAIGFVGLIVPHFVRLLGVSGHRWLLPLAVLAGGSFLTLADTLARTAIAPQQLPVGVLTALLGVPLLLFLLTRRT*
##########################################################################################################################################################################################################
iron_aquisition-siderophore_transport_potential,GCF_000297055.2_ASM29705v2_genomic.faa,NC_022357.1_2353,PvdT-family-siderophore-export,192.1,175,98,0,MKIIAIFAEAWRAMAMNGLRTALTMLGMVIGVAAVVLMLAVGQGAQYTVNQSIASMGSNLLIVLSGASTSGGLRFGSGSVPTLTVADAQALAQIPSVKAVSPSYPGNAQMVYGSSNWSSIVTGSTPDYFTVRNWTLDSGHIFEESDVRGATRVVVLGQTVAKNLFGEEDPTGKTIRIKNMPFLVVGLLAAKGQSLDGRDQDDTAVVPVTTAQRKLFGNQFPGTVRYLMVQAGSTETMDEAEREIAQLLRQRHRLAEDAENDFTVRNLTSVAQSAAGSAQAMSFMLGAIASISLLVAESVL*
iron_aquisition-siderophore_transport_potential,GCF_000297055.2_ASM29705v2_genomic.faa,NC_022357.1_2354,PvdT-family-siderophore-export,231.7,175,98,0,MADPLIRVEGLHKQYEIKGGRAVPVLHDVNLSIAPGEFVAIMGPSGSGKSTFMNILGCLDTPTSGHYFLNGRDVAKLNPDELAHLRNSLIGFVFQGFNLLKRVTALDNVALPLLYAGQGQAERRERALETLRQTGLEKFTLSLPNQLSGGQQQRVAIARALINHPPLILADEPTGNLDTHTSQEIMEIFTRLNREQGMTVILVTHEPDIARYAHRMVRFVDGRVEQDGEVS*
iron_aquisition-siderophore_transport_potential,GCF_000297055.2_ASM29705v2_genomic.faa,NC_022357.1_2355,PvdR-family-sideropore-export,127.2,61,98,0,MPSIRSIRIPLVILALIVAAGGAYYWQNQRANSSREKYKTQVVDRGDIVQSISANGTLSPVVLVNVGTQVSGTVKKLNADFNSRVKEGQILAELDPALFDAQLRQDQANIANAEANLVLMRAKEERARLLQQKGFISQDAVDQARQQLDSALAQLKLAQAQLTRSRTNLNYSVIRSPISGVVVARNIDVGQTVAASFQTPVLFQIAGDLKQMQIETSVAEADIGNLNIGLDVRFTVDAFADRQFSGKVKQVRLNPTVQQNVVTYNVVVAVDNPDEVLLPGMTAHVQIIVSRHENVLRVSNAALRFKPLKEEGDEVAGKNNKKIKGRGGATVYRLDQGAPKPVKIKAGISDGSYTEVLGDELKLGESLVVREMGAKKDKGSGFSLRMM*
##########################################################################################################################################################################################################
iron_aquisition-siderophore_transport_potential,GCF_000297055.2_ASM29705v2_genomic.faa,NC_022357.1_2483,TonB-family,53.7,24.6,99,0,MRSPFFIVAFAVYTGGGMSKLNSNPEQDEVPDAAARFALALAVSLALHLALVFGVHIKASQPEERSRSAMEVRIERVPQVRIESLSLESAVEISVKKPEEPKPSVEEPARQPPALAEPAPAILPTMEIPLLEDPTWYPAKQVDVHPTALYEIKPVYPEQGVEGYVVLLLLIDESGAVKEAEVMEANPEGIFEESALSSFREARFAPAQKNGRAVKSRVLIRVSYELNDMKKPVVIQPPLPLAP*
iron_aquisition-siderophore_transport_potential,GCF_000297055.2_ASM29705v2_genomic.faa,NC_022357.1_2484,PirA-family-siderophore-receptor,37.2,21.1,99,0,MKFKPRILAASLAAIMPYHFALAADEVKSTKLEEVVVSASKIDTQPAFGASSLDAANLAPMRSSTSDTASLLRDVPGVSLYGAGGVSSLPVIQGLADDRLRIKVDGMDLISACGNHMNPPLSYIDPSHVGSIQVFGGIAPVSVGGDSIGGAIQVNSPAPEFAAVGQGTLTKGQAGAFYRSNGNVTGGNISATIASEKLSMTYSGSTVESGNYKAGGDFKPAGPAFVADGKSLYTSTKRLSGDEVGSSMYKSTNQSIAFALRNENHLVELKLGVQDIPYQGFPNQRMDMTANDSEHVNLRYTGQYDWGTLQARAYNEHTRHKMNFLEDKAFWYKSGTQTIPAPGMPMDTEGRNTGAVVKADIVLSARDLLRVGGEYQRYRFNDWWDASGNGGMSPNTFLDIKDGQRDRYAAFAEWEARWNPQWLSQLGVRSETVKMDTGTVQGYNATYNTDANAFNARDRSRTDNNWDMTALARYTVDSSKTYEFGYARKTRSPNLYERYTWSTGGMAMNMINMVGDGNGYVGNLDLKPEVANTLSATADWHDTDQQNWGLKVTPYYTYVQDYINAQRLPTSLTSTGFVFLKYVNQDARLYGLDVSGYFPLAKNTGFGNITATGVLNYVRGKTSSGTSDDLYNMMPLNAKLAVAQHLGSWINTAEVQLVDAKTDVSQIRNELKTAGYSLLNLRSSYAWKKARFDVGIENVFDRLYDYPLGGAYVGQGTTMPPTGGAPYGIAVPGMGRSIYAGVTVKF*
iron_aquisition-siderophore_transport_potential,GCF_000297055.2_ASM29705v2_genomic.faa,NC_022357.1_2485,ExbD-family,94.0,32.7,99,0,MGLHSRSEQTAMSEINVTPLVDVMLVLLIVFIVTAPLLMQAVKVNLPKTAAVSPMKQTKTIQMAIDAQGGVFIDQRLIHFDTLEAELKKIAAQDADPNVQLHADESVRYGRVAQVLAMLQRVGITKLAFVTTPIGKVPAPEENHKQ*
iron_aquisition-siderophore_transport_potential,GCF_000297055.2_ASM29705v2_genomic.faa,NC_022357.1_2486,ExbB-family,130.6,22.3,99,0,MPHFSSSDIVVITLWVLAVFSVVTWTLIVVKGWAQWRLSQENKRFGLAFWNAKGLLEAERITASATGPLARLAHCGFTALRDMHKGGEQNLQHSGDQQDILERCLRSQVQKEQNRLDSGLMVLASIGSTAPFVGLFGTVWGIMHALQDISKSGSAGLDVVAGPIGEALIATALGIATAIPAVLAYNYGLRRTRLYVAEMEDFTTDFLHLAMKSGFRVE*
iron_aquisition-siderophore_transport_potential,GCF_000297055.2_ASM29705v2_genomic.faa,NC_022357.1_2487,TonB-family,81.5,24.6,99,0,MMQVESDREWPRWLPSFGLVVLLHATVWWGYTHFKSELIPPRPLPVVQVSLIAPPAPTEPKVVPLQPPPPKVERQPKPVVKKAVSAPTPVPVMQPVVEHALQQAPVAIAQPSPPAPSPPAAPAPEPVLELPRYNAAYLSNPPPAYPLAARRRGIEGTVLVRAEISAGGECQRAELKKTSGHEMLDHAALEAVKKWRFMPAKRGSQAVVAWVEVPITFKLENN*
iron_aquisition-siderophore_transport_potential,GCF_000297055.2_ASM29705v2_genomic.faa,NC_022357.1_2491,PirA-family-siderophore-receptor,112.2,75.3,99,0,MKQRNYLLQWLIVGICAGMTGSAWSAEVGQDTAQTMKEVVVTSTTIDDRFEFKRDEPSSISVISGKEVDDAHIENVIQVLRSIPGVTADLSSGDEIKIKLRGIENQRYMGEKPGVAIVIDGVPVFERTGKVNIDLDNIESIKVIKGGASYLFGEDALSGAVIITTKRGAKYAGATVSMEAGSWGYEKQMARVGFSGEKGNGHIQASHRYGDDYYFQSSYKTDYLNGNFNLYLSDTSDLTFGFEKSDRSKDKHGSVKGVTQAELDPQGVLGRDYTRKYAVDLQKLNLTYSNNYDPRSNILLMGYEYRDRTNFLSAPQSLYTNGTSVLPSDPGYYDAYTTLNNWQQVQRGAKGEWRSSTGNVGWLAGLDLRRNEYQQLNKAGVDYCSRKQGAACAPGASVTAGTIMTDDSTDESVNGAYGEVKFRPATDWTLTFNGRYDELGLDYSAKPGKDNGYVAINRSKSFQNSSWRAGANYALKSNMDVYGNLSTGFRTPTVDQLYRGSISPSSGKTANNENLRPEESLNLEFGLRTKTEWFGIEMDADASIFQIDRKDYIMATTGQYAGSSPTIQEMYDNIGGVRNRGFELALKSDRKREYAFDLAYSYIDAYFTKYDNFYQVLGSIYATNPTMVHFNNTGKTVPRVPSNQVNLTGHWQPSSQFHLGLEMDTKSWAWADEINQEKLPGRTLFNLLANYDIREKGFLSAKWSLFARVDNLFDRKYWVTARGTNDQANYITGAYDNIYNANDLSIVVGRPRTWYAGVSATF*
iron_aquisition-siderophore_transport_potential,GCF_000297055.2_ASM29705v2_genomic.faa,NC_022357.1_2494,PirA-family-siderophore-receptor,90.6,75.3,99,0,MTYHWHENCHRSTFDVKAAFCRLKTIFDKIKNEGAKLKMNDKALRGLVVGVCASMAGSGWCVDVDQKSDTQLQEMVIKGDKPAVPANLPATTEGVTAKQIAESINAVTSAEVIKYLPSIVVRERYIGDRNGIVSTRTTGTISSAQSIVYADNLLLSNFLGNSYSYPPRWGMVSPEEIERVDIIYGPFSVLYPGNSMGGVVQMTTRMPERFEAHANLQVFRESFNLYGTNENYDGAHASASIGNKIGDWSIWISGDHIDTHGHPMSFGTATAGGGGTMTVTGAYRDTDPTGAVRVITGGYSIDHTVQDNGKFKLAYDFSPTVRATYTLGVWQNNSDTSVDSYLKDALGNTVYNGNVKIDGTNYKTASLSPGHAESEHWMQGFSVKSNTRGEWDWEAAVSAYDYNKDISRTANYTANNGVDLGTGAIRQGGQVTLMDGTGWQTLDLRGEWRPDGDLKSKHQVSFGYHIDRYELNSNTYTVATDWLTGAAGALSSNSKGRTETQGLYLQDAWRFAPDWQLVVGGRQEYWKAFDGSNYNSANPNPYKQLNYADRTDTAFSPKVSLSFQASTNWALRGSLGKAVRFPTVSEMFQTFTGPGGIKTNDPNLKPEQVVSGELTAERALQNGLWRVSLFQEDKQDALVSQTDTTVSPNITSIQNVDKIRTYGIETALQLSDLWIRGFDLSGSVTYTNSKILQDTQHPAYVGMVQPRIPDWRATLAGIYHASDRLSYSLAARYSGRQYNLLDNSDINPSTYGGASSFLVADAKVVYKVAKQWSTSLGVDNIGNYKAYVAHPYPQRTVFANLKFDY*
iron_storage,GCF_000297055.2_ASM29705v2_genomic.faa,NC_022357.1_2497,PF00210-Ferritin_like_domain,82.6,44,99,0,MKITKKKLLEELNKDLEWEYAAAVQYVQHASAITGAQYESIQKELIIHSQEEMMHAVMLSDQIDFLGGVPTVDVEKRETDSDSLAMLKQDLKGEDNAINRYKERIAQAEALKEYGLRRVLEDILIQEEEHKRDLLTVIKSK*
##########################################################################################################################################################################################################
iron_aquisition-siderophore_transport_potential,GCF_000297055.2_ASM29705v2_genomic.faa,NC_022357.1_2771,TonB-family,29.1,21.8,100,0,MEGQKPSWMRWGGVALGLIVAVMLGLGLKDLLVSDKPAKKPRLQQITLVKPPPPPPPEKKPPEPEIKKEEVKIEQPKPEEAPKPADNEPPAGKDLGVDADANGSGDGFGLVGRKGGRDLLAGVGGKYAGYSIPVAQQINEQISEYMRKHRLAFNYRIQVRIWIAKDGHVEKFELNGSTGSPDTDSSIKLALAGLSSVKERPPEDMPQPIKLRLTSRL*
iron_aquisition-siderophore_transport_potential,GCF_000297055.2_ASM29705v2_genomic.faa,NC_022357.1_2772,ExbD-family,94.8,32.7,100,0,MKVQEDNAPFDDINVTPMLDLAYVLLVIFIIMTTASVQGVKVNLPKASNAPSLAKPQTKAITIAEGGQIYLDAYPVSIEELRTRLGQLKAANPELPVVVKGDTVVQYGKVMEVLELLGQLDITQLGLVTQRLVK*
iron_aquisition-siderophore_transport_potential,GCF_000297055.2_ASM29705v2_genomic.faa,NC_022357.1_2773,ExbB-family,104.2,22.3,100,0,MKRKSLISPFLVLCAFAASLLSTPALAWWSGDWAYRTPITLSPSADIKLAVEQVPVLVRLHTGNFSFADAKLDGSDIRFVAEDDKTELKYHIEKWDGANQMALVWVKVPKLAAQPKFFLYFGNEKAAPASNAKGTYDAGSAVYHFAEQDGNPRDSGLNGLHATQSSAQSVAASFSGAGAGFNGSQSVALPAVNAAGGYSFSVWVKPAALDGVLFQSGDLKISLDGGVVKAQSGKASVASGTALSAGQWHHLGLTVSDALRVYVDGKLAGEAPGAALPSGGVTLGAGFQGEMDEVQVSGMARNAAWMAVQAAQGPDGKLVALGEEESNEEGGNASYFGVILQSVTLDGWVVIGILAVMFVIAVWVMFEKTIYVNRMDKSNNKFMDKFRELSTDLAMIDKAKGLADDFMHSSLYRIYHIGAVEIAHRFKDTDSSHVDKTLSPQALNSIRASLDAGMVKETHRLNRLMVLLTIAISGGPFLGLLGTVVGVMITFAAIAASGDVNVNAIAPGIAAALVATVAGLAVAIPALFGYNYLGSRVKTISSDMHIFVDEFITKLAENYSR*
##########################################################################################################################################################################################################
