assembly_id,label,taxid,num_SCG_hits,uniq_SCG_hits,perc_comp,perc_redund,num_SCG_hits_after_len_filt,in_final_tree,domain,phylum,class,order,family,genus,specific_name,Genome ID,Phylum,Class,Order,Famiy,Genus,Strain,Note
GCF_000007705.1,GCF_000007705.1_Bacteria_Proteobacteria_Betaproteobacteria_Chromobacterium_violaceum_ATCC_12472,243365,14,14,93.33,0,14,Yes,Bacteria,Proteobacteria,Betaproteobacteria,Neisseriales,Chromobacteriaceae,Chromobacterium,Chromobacterium violaceum,NA,NA,NA,NA,NA,NA,NA,NA
GCF_000009125.1,GCF_000009125.1_Bacteria_Proteobacteria_Betaproteobacteria_Ralstonia_solanacearum_GMI1000,267608,14,14,93.33,0,14,Yes,Bacteria,Proteobacteria,Betaproteobacteria,Burkholderiales,Burkholderiaceae,Ralstonia,Ralstonia solanacearum,NA,NA,NA,NA,NA,NA,NA,NA
GCF_000012745.1,GCF_000012745.1_Bacteria_Proteobacteria_Betaproteobacteria_Thiobacillus_denitrificans_ATCC_25259,292415,14,14,93.33,0,14,Yes,Bacteria,Proteobacteria,Betaproteobacteria,Nitrosomonadales,Thiobacillaceae,Thiobacillus,Thiobacillus denitrificans,GCF_000376425.1,Proteobacteria,Betaproteobacteria,Nitrosomonadales,Thiobacillaceae,Thiobacillus,DSM 12475,**whole genome shotgun sequence
GCF_000012945.1,GCF_000012945.1_Bacteria_Proteobacteria_Betaproteobacteria_Burkholderia_lata_383,482957,14,14,93.33,0,14,Yes,Bacteria,Proteobacteria,Betaproteobacteria,Burkholderiales,Burkholderiaceae,Burkholderia,Burkholderia lata,GCF 009834475.1,Proteobacteria,Betaproteobacteria,Burkholderales,Burkholderaceae,Burkholderia,383.0,NA
GCF_000013645.1,GCF_000013645.1_Bacteria_Proteobacteria_Betaproteobacteria_Paraburkholderia_xenovorans_LB400,266265,14,14,93.33,0,14,Yes,Bacteria,Proteobacteria,Betaproteobacteria,Burkholderiales,Burkholderiaceae,Paraburkholderia,Paraburkholderia xenovorans,NA,NA,NA,NA,NA,NA,NA,NA
GCF_000013705.1,GCF_000013705.1_Bacteria_Proteobacteria_Betaproteobacteria_Methylobacillus_flagellatus_KT,265072,14,14,93.33,0,14,Yes,Bacteria,Proteobacteria,Betaproteobacteria,Nitrosomonadales,Methylophilaceae,Methylobacillus,Methylobacillus flagellatus,GCF_005502435.1,Proteobacteria,Betaproteobacteria,Nitrosomonadales,Methyophilaceae,Methylobacillus,L1B,NA
GCF_000014765.1,GCF_000014765.1_Bacteria_Proteobacteria_Betaproteobacteria_Nitrosomonas_eutropha_C91,335283,14,14,93.33,0,14,Yes,Bacteria,Proteobacteria,Betaproteobacteria,Nitrosomonadales,Nitrosomonadaceae,Nitrosomonas,Nitrosomonas eutropha,GCF_000014765.1,Proteobacteria,Betaproteobacteria,Nitrosomonadales,Nitrosomonadaceae,Nitrosomonas,C91,NA
GCF_000015565.1,GCF_000015565.1_Bacteria_Proteobacteria_Betaproteobacteria_Verminephrobacter_eiseniae_EF01-2,391735,14,14,93.33,0,13,Yes,Bacteria,Proteobacteria,Betaproteobacteria,Burkholderiales,Comamonadaceae,Verminephrobacter,Verminephrobacter eiseniae,NA,NA,NA,NA,NA,NA,NA,NA
GCF_000015725.1,GCF_000015725.1_Bacteria_Proteobacteria_Betaproteobacteria_Methylibium_petroleiphilum_PM1,420662,14,14,93.33,0,13,Yes,Bacteria,Proteobacteria,Betaproteobacteria,Burkholderiales,NA,Methylibium,Methylibium petroleiphilum,NA,NA,NA,NA,NA,NA,NA,NA
GCF_000020125.1,GCF_000020125.1_Bacteria_Proteobacteria_Betaproteobacteria_Paraburkholderia_phytofirmans_PsJN,398527,14,14,93.33,0,14,Yes,Bacteria,Proteobacteria,Betaproteobacteria,Burkholderiales,Burkholderiaceae,Paraburkholderia,Paraburkholderia phytofirmans,NA,NA,NA,NA,NA,NA,NA,NA
GCF_000020205.1,GCF_000020205.1_Bacteria_Proteobacteria_Betaproteobacteria_Ralstonia_pickettii_12J,402626,14,14,93.33,0,14,Yes,Bacteria,Proteobacteria,Betaproteobacteria,Burkholderiales,Burkholderiaceae,Ralstonia,Ralstonia pickettii,NA,NA,NA,NA,NA,NA,NA,NA
GCF_000023345.1,GCF_000023345.1_Bacteria_Proteobacteria_Betaproteobacteria_Variovorax_paradoxus_S110,543728,14,14,93.33,0,13,Yes,Bacteria,Proteobacteria,Betaproteobacteria,Burkholderiales,Comamonadaceae,Variovorax,Variovorax paradoxus,NA,NA,NA,NA,NA,NA,NA,NA
GCF_000025705.1,GCF_000025705.1_Bacteria_Proteobacteria_Betaproteobacteria_Sideroxydans_lithotrophicus_ES-1,580332,14,14,93.33,0,14,Yes,Bacteria,Proteobacteria,Betaproteobacteria,Nitrosomonadales,Gallionellaceae,Sideroxydans,Sideroxydans lithotrophicus,GCF 003991565.1,Proteobacteria,Betaproteobacteria,Nitrosomonadales,Gallionellaceae,Sideroxydans,ES-1,NA
GCF_000070465.1,GCF_000070465.1_Bacteria_Proteobacteria_Betaproteobacteria_Bordetella_avium_197N,360910,14,14,93.33,0,14,Yes,Bacteria,Proteobacteria,Betaproteobacteria,Burkholderiales,Alcaligenaceae,Bordetella,Bordetella avium,NA,NA,NA,NA,NA,NA,NA,NA
GCF_000196295.1,GCF_000196295.1_Bacteria_Proteobacteria_Betaproteobacteria_Neisseria_lactamica_020-06,489653,14,14,93.33,0,14,Yes,Bacteria,Proteobacteria,Betaproteobacteria,Neisseriales,Neisseriaceae,Neisseria,Neisseria lactamica,NA,NA,NA,NA,NA,NA,NA,NA
GCF_000203915.1,GCF_000203915.1_Bacteria_Proteobacteria_Betaproteobacteria_Burkholderia_ambifaria_AMMD,339670,14,14,93.33,0,14,Yes,Bacteria,Proteobacteria,Betaproteobacteria,Burkholderiales,Burkholderiaceae,Burkholderia,Burkholderia ambifaria,NA,NA,NA,NA,NA,NA,NA,NA
GCF_000297055.2,GCF_000297055.2_Bacteria_Proteobacteria_Betaproteobacteria_Sulfuricella_denitrificans_skB26,1163617,14,14,93.33,0,14,Yes,Bacteria,Proteobacteria,Betaproteobacteria,Nitrosomonadales,Gallionellaceae,Sulfuricella,Sulfuricella denitrificans,GCF 003991565.1,Proteobacteria,Betaproteobacteria,Nitrosomonadales,Sulfuricellaceae,Sulfuricella,skB26,NA
GCF_000521505.1,GCF_000521505.1_Bacteria_Proteobacteria_Betaproteobacteria_Advenella_mimigardefordensis_DPN7,1247726,14,14,93.33,0,14,Yes,Bacteria,Proteobacteria,Betaproteobacteria,Burkholderiales,Alcaligenaceae,Advenella,Advenella mimigardefordensis,NA,NA,NA,NA,NA,NA,NA,NA
GCF_000600005.1,GCF_000600005.1_Bacteria_Proteobacteria_Betaproteobacteria_Snodgrassella_alvi_wkB2,1196094,14,14,93.33,0,14,Yes,Bacteria,Proteobacteria,Betaproteobacteria,Neisseriales,Neisseriaceae,Snodgrassella,Snodgrassella alvi,NA,NA,NA,NA,NA,NA,NA,NA
GCF_000767615.3,GCF_000767615.3_Bacteria_Proteobacteria_Betaproteobacteria_Pandoraea_pnomenusa_DSM_16536,93220,14,14,93.33,0,14,Yes,Bacteria,Proteobacteria,Betaproteobacteria,Burkholderiales,Burkholderiaceae,Pandoraea,Pandoraea pnomenusa,NA,NA,NA,NA,NA,NA,NA,NA
GCF_000807775.2,GCF_000807775.2_Bacteria_Proteobacteria_Betaproteobacteria_Pandoraea_fibrosis_6399,1891094,14,14,93.33,0,14,Yes,Bacteria,Proteobacteria,Betaproteobacteria,Burkholderiales,Burkholderiaceae,Pandoraea,Pandoraea fibrosis,NA,NA,NA,NA,NA,NA,NA,NA
GCF_000828915.1,GCF_000828915.1_Bacteria_Proteobacteria_Betaproteobacteria_Serpentinomonas_mccroryi_B1,1458426,13,13,86.67,0,13,Yes,Bacteria,Proteobacteria,Betaproteobacteria,Burkholderiales,Comamonadaceae,Serpentinomonas,Serpentinomonas mccroryi,NA,NA,NA,NA,NA,NA,NA,NA
GCF_000959445.1,GCF_000959445.1_Bacteria_Proteobacteria_Betaproteobacteria_Burkholderia_vietnamiensis_LMG_10929,1449978,14,14,93.33,0,14,Yes,Bacteria,Proteobacteria,Betaproteobacteria,Burkholderiales,Burkholderiaceae,Burkholderia,Burkholderia vietnamiensis,NA,NA,NA,NA,NA,NA,NA,NA
GCF_001281465.1,GCF_001281465.1_Bacteria_Proteobacteria_Betaproteobacteria_Cupriavidus_gilardii_CR3,1267562,14,14,93.33,0,14,Yes,Bacteria,Proteobacteria,Betaproteobacteria,Burkholderiales,Burkholderiaceae,Cupriavidus,Cupriavidus gilardii,NA,NA,NA,NA,NA,NA,NA,NA
GCF_001465595.2,GCF_001465595.2_Bacteria_Proteobacteria_Betaproteobacteria_Pandoraea_apista_DSM_16535,93218,14,14,93.33,0,14,Yes,Bacteria,Proteobacteria,Betaproteobacteria,Burkholderiales,Burkholderiaceae,Pandoraea,Pandoraea apista,NA,NA,NA,NA,NA,NA,NA,NA
GCF_001514355.1,GCF_001514355.1_Bacteria_Proteobacteria_Betaproteobacteria_Achromobacter_denitrificans_USDA-ARS-USMARC-56712,32002,14,14,93.33,0,14,Yes,Bacteria,Proteobacteria,Betaproteobacteria,Burkholderiales,Alcaligenaceae,Achromobacter,Achromobacter denitrificans,NA,NA,NA,NA,NA,NA,NA,NA
GCF_001584165.1,GCF_001584165.1_Bacteria_Proteobacteria_Betaproteobacteria_Collimonas_arenae_Ter10,279058,14,14,93.33,0,14,Yes,Bacteria,Proteobacteria,Betaproteobacteria,Burkholderiales,Oxalobacteraceae,Collimonas,Collimonas arenae,NA,NA,NA,NA,NA,NA,NA,NA
GCF_001718415.1,GCF_001718415.1_Bacteria_Proteobacteria_Betaproteobacteria_Burkholderia_pseudomultivorans_SUB-INT23-BP2,1207504,14,14,93.33,0,14,Yes,Bacteria,Proteobacteria,Betaproteobacteria,Burkholderiales,Burkholderiaceae,Burkholderia,Burkholderia pseudomultivorans,NA,NA,NA,NA,NA,NA,NA,NA
GCF_001718795.1,GCF_001718795.1_Bacteria_Proteobacteria_Betaproteobacteria_Burkholderia_latens_AU17928,488446,14,14,93.33,0,14,Yes,Bacteria,Proteobacteria,Betaproteobacteria,Burkholderiales,Burkholderiaceae,Burkholderia,Burkholderia latens,NA,NA,NA,NA,NA,NA,NA,NA
GCF_001742165.1,GCF_001742165.1_Bacteria_Proteobacteria_Betaproteobacteria_Burkholderia_stabilis_ATCC_BAA-67,95485,14,14,93.33,0,14,Yes,Bacteria,Proteobacteria,Betaproteobacteria,Burkholderiales,Burkholderiaceae,Burkholderia,Burkholderia stabilis,NA,NA,NA,NA,NA,NA,NA,NA
GCF_001854325.1,GCF_001854325.1_Bacteria_Proteobacteria_Betaproteobacteria_Cupriavidus_malaysiensis_USMAA1020,367825,14,14,93.33,0,14,Yes,Bacteria,Proteobacteria,Betaproteobacteria,Burkholderiales,Burkholderiaceae,Cupriavidus,Cupriavidus malaysiensis,NA,NA,NA,NA,NA,NA,NA,NA
GCF_001931675.1,GCF_001931675.1_Bacteria_Proteobacteria_Betaproteobacteria_Pandoraea_thiooxydans_ATSB16,445709,14,14,93.33,0,14,Yes,Bacteria,Proteobacteria,Betaproteobacteria,Burkholderiales,Burkholderiaceae,Pandoraea,Pandoraea thiooxydans,NA,NA,NA,NA,NA,NA,NA,NA
GCF_001955695.1,GCF_001955695.1_Bacteria_Proteobacteria_Betaproteobacteria_Rhodoferax_koreense_DCY-110,1842727,14,14,93.33,0,13,Yes,Bacteria,Proteobacteria,Betaproteobacteria,Burkholderiales,Comamonadaceae,Rhodoferax,Rhodoferax koreense,NA,NA,NA,NA,NA,NA,NA,NA
GCF_001955715.1,GCF_001955715.1_Bacteria_Proteobacteria_Betaproteobacteria_Rhodoferax_saidenbachensis_DSM_22694,1484693,14,14,93.33,0,13,Yes,Bacteria,Proteobacteria,Betaproteobacteria,Burkholderiales,Comamonadaceae,Rhodoferax,Rhodoferax saidenbachensis,NA,NA,NA,NA,NA,NA,NA,NA
GCF_001955735.1,GCF_001955735.1_Bacteria_Proteobacteria_Betaproteobacteria_Rhodoferax_antarcticus_DSMZ24876,81479,14,14,93.33,0,13,Yes,Bacteria,Proteobacteria,Betaproteobacteria,Burkholderiales,Comamonadaceae,Rhodoferax,Rhodoferax antarcticus,NA,NA,NA,NA,NA,NA,NA,NA
GCF_002119665.1,GCF_002119665.1_Bacteria_Proteobacteria_Betaproteobacteria_Bordetella_genomosp_13_AU7206,463040,14,14,93.33,0,14,Yes,Bacteria,Proteobacteria,Betaproteobacteria,Burkholderiales,Alcaligenaceae,Bordetella,Bordetella genomosp. 13,NA,NA,NA,NA,NA,NA,NA,NA
GCF_002119725.1,GCF_002119725.1_Bacteria_Proteobacteria_Betaproteobacteria_Bordetella_genomosp_9_AU17164,1416803,14,14,93.33,0,14,Yes,Bacteria,Proteobacteria,Betaproteobacteria,Burkholderiales,Alcaligenaceae,Bordetella,Bordetella genomosp. 9,NA,NA,NA,NA,NA,NA,NA,NA
GCF_002291405.1,GCF_002291405.1_Bacteria_Proteobacteria_Betaproteobacteria_Variovorax_boronicumulans_J1,436515,14,14,93.33,0,13,Yes,Bacteria,Proteobacteria,Betaproteobacteria,Burkholderiales,Comamonadaceae,Variovorax,Variovorax boronicumulans,NA,NA,NA,NA,NA,NA,NA,NA
GCF_002902925.1,GCF_002902925.1_Bacteria_Proteobacteria_Betaproteobacteria_Paraburkholderia_terrae_DSM_17804,311230,14,14,93.33,0,14,Yes,Bacteria,Proteobacteria,Betaproteobacteria,Burkholderiales,Burkholderiaceae,Paraburkholderia,Paraburkholderia terrae,NA,NA,NA,NA,NA,NA,NA,NA
GCF_002951835.1,GCF_002951835.1_Bacteria_Proteobacteria_Betaproteobacteria_Simonsiella_muelleri_ATCC_29453,641147,14,14,93.33,0,14,Yes,Bacteria,Proteobacteria,Betaproteobacteria,Neisseriales,Neisseriaceae,Simonsiella,Simonsiella muelleri,NA,NA,NA,NA,NA,NA,NA,NA
GCF_003008535.1,GCF_003008535.1_Bacteria_Proteobacteria_Betaproteobacteria_Ottowia_oryzae_KADR8-3,2109914,14,14,93.33,0,13,Yes,Bacteria,Proteobacteria,Betaproteobacteria,Burkholderiales,Comamonadaceae,Ottowia,Ottowia oryzae,NA,NA,NA,NA,NA,NA,NA,NA
GCF_003111665.1,GCF_003111665.1_Bacteria_Proteobacteria_Betaproteobacteria_Azoarcus_communis_TSNA42,41977,14,14,93.33,0,14,Yes,Bacteria,Proteobacteria,Betaproteobacteria,Rhodocyclales,Zoogloeaceae,Azoarcus,Azoarcus communis,NA,NA,NA,NA,NA,NA,NA,NA
GCF_003330785.1,GCF_003330785.1_Bacteria_Proteobacteria_Betaproteobacteria_Paraburkholderia_graminis_PHS1,60548,14,14,93.33,0,14,Yes,Bacteria,Proteobacteria,Betaproteobacteria,Burkholderiales,Burkholderiaceae,Paraburkholderia,Paraburkholderia graminis,NA,NA,NA,NA,NA,NA,NA,NA
GCF_003330825.1,GCF_003330825.1_Bacteria_Proteobacteria_Betaproteobacteria_Paraburkholderia_terricola_mHS1,169427,14,14,93.33,0,14,Yes,Bacteria,Proteobacteria,Betaproteobacteria,Burkholderiales,Burkholderiaceae,Paraburkholderia,Paraburkholderia terricola,NA,NA,NA,NA,NA,NA,NA,NA
GCF_003345255.1,GCF_003345255.1_Bacteria_Proteobacteria_Betaproteobacteria_Thauera_hydrothermalis_GD-2,2184083,14,14,93.33,0,14,Yes,Bacteria,Proteobacteria,Betaproteobacteria,Rhodocyclales,Zoogloeaceae,Thauera,Thauera hydrothermalis,NA,NA,NA,NA,NA,NA,NA,NA
GCF_003609995.1,GCF_003609995.1_Bacteria_Proteobacteria_Betaproteobacteria_Sutterella_megalosphaeroides_6FBBBH3,2494234,14,14,93.33,0,14,Yes,Bacteria,Proteobacteria,Betaproteobacteria,Burkholderiales,Sutterellaceae,Sutterella,Sutterella megalosphaeroides,NA,NA,NA,NA,NA,NA,NA,NA
GCF_004421005.1,GCF_004421005.1_Bacteria_Proteobacteria_Betaproteobacteria_Massilia_plicata_DSM_17505,321984,14,14,93.33,0,14,Yes,Bacteria,Proteobacteria,Betaproteobacteria,Burkholderiales,Oxalobacteraceae,Massilia,Massilia plicata,NA,NA,NA,NA,NA,NA,NA,NA
GCF_004551665.1,GCF_004551665.1_Bacteria_Proteobacteria_Betaproteobacteria_Kerstersia_gyiorum_SWMUKG01,206506,14,14,93.33,0,14,Yes,Bacteria,Proteobacteria,Betaproteobacteria,Burkholderiales,Alcaligenaceae,Kerstersia,Kerstersia gyiorum,NA,NA,NA,NA,NA,NA,NA,NA
GCF_005221305.1,GCF_005221305.1_Bacteria_Proteobacteria_Betaproteobacteria_Neisseria_subflava_ATCC_49275,28449,14,14,93.33,0,14,Yes,Bacteria,Proteobacteria,Betaproteobacteria,Neisseriales,Neisseriaceae,Neisseria,Neisseria subflava,NA,NA,NA,NA,NA,NA,NA,NA
GCF_007556815.1,GCF_007556815.1_Bacteria_Proteobacteria_Betaproteobacteria_Paraburkholderia_megapolitana_LMG_23650,420953,14,14,93.33,0,14,Yes,Bacteria,Proteobacteria,Betaproteobacteria,Burkholderiales,Burkholderiaceae,Paraburkholderia,Paraburkholderia megapolitana,NA,NA,NA,NA,NA,NA,NA,NA
GCF_008271425.1,GCF_008271425.1_Bacteria_Proteobacteria_Betaproteobacteria_Cupriavidus_campinensis_MJ1,151783,13,13,86.67,0,13,Yes,Bacteria,Proteobacteria,Betaproteobacteria,Burkholderiales,Burkholderiaceae,Cupriavidus,Cupriavidus campinensis,NA,NA,NA,NA,NA,NA,NA,NA
GCF_008274805.1,GCF_008274805.1_Bacteria_Proteobacteria_Betaproteobacteria_Oryzomicrobium_terrae_TPP412,1735038,14,14,93.33,0,14,Yes,Bacteria,Proteobacteria,Betaproteobacteria,Rhodocyclales,Rhodocyclaceae,Oryzomicrobium,Oryzomicrobium terrae,NA,NA,NA,NA,NA,NA,NA,NA
GCF_008329925.1,GCF_008329925.1_Bacteria_Proteobacteria_Betaproteobacteria_Sphaerotilus_natans_D-507,639200,14,14,93.33,0,14,Yes,Bacteria,Proteobacteria,Betaproteobacteria,Burkholderiales,NA,Sphaerotilus,Sphaerotilus natans,NA,NA,NA,NA,NA,NA,NA,NA
GCF_008805035.1,GCF_008805035.1_Bacteria_Proteobacteria_Betaproteobacteria_Eikenella_exigua_PXX,2528037,14,14,93.33,0,14,Yes,Bacteria,Proteobacteria,Betaproteobacteria,Neisseriales,Neisseriaceae,Eikenella,Eikenella exigua,NA,NA,NA,NA,NA,NA,NA,NA
GCF_009856625.1,GCF_009856625.1_Bacteria_Proteobacteria_Betaproteobacteria_Aquitalea_denitrificans_5YN1-3,519081,14,14,93.33,0,14,Yes,Bacteria,Proteobacteria,Betaproteobacteria,Neisseriales,Chromobacteriaceae,Aquitalea,Aquitalea denitrificans,NA,NA,NA,NA,NA,NA,NA,NA
LSLI01000001.1,NA,NA,NA,NA,NA,NA,NA,NA,NA,NA,NA,NA,NA,NA,Candidatus Gallionella acididurans,LSLI01000001.1,Proteobacteria,Betaproteobacteria,Nitrosomonadales,Gallionellaceae,Gallionella,ShG14-8,**whole genome shotgun sequence
GCF_007844305.1,NA,NA,NA,NA,NA,NA,NA,NA,NA,NA,NA,NA,NA,NA,Denitratisoma oestradiolicum,GCF_007844305.1,Proteobacteria,Betaproteobacteria,Nitrosomonadales,Sterolibacteriacaeae,Denitratisoma,DSM 16959,NA
GCF_000974685.2,NA,NA,NA,NA,NA,NA,NA,NA,NA,NA,NA,NA,NA,NA,Ferriphaselus amnicola,GCF_000974685.2,Proteobacteria,Betaproteobacteria,Nitrosomonadales,Gallionellaceae,Ferriphaselus,OYT1,NA
GCF_000145255.1,NA,NA,NA,NA,NA,NA,NA,NA,NA,NA,NA,NA,NA,NA,Gallionella capsiferriformans,GCF_000145255.1,Proteobacteria,Betaproteobacteria,Nitrosomonadales,Gallionellaceae,Gallionella,ES-2,NA
GCF_000617925.1_,NA,NA,NA,NA,NA,NA,NA,NA,NA,NA,NA,NA,NA,NA,Methylobacillus glycogenes,GCF_000617925.1_,Proteobacteria,Betaproteobacteria,Nitrosomonadales,Methyophilaceae,Methylobacillus,JCM 2850,NA
GCF_006363915.1,NA,NA,NA,NA,NA,NA,NA,NA,NA,NA,NA,NA,NA,NA,Methylophilus medardicus,GCF_006363915.1,Proteobacteria,Betaproteobacteria,Nitrosomonadales,Methyophilaceae,Methylophilus,MMS-M-51,NA
GCF_000378225.1,NA,NA,NA,NA,NA,NA,NA,NA,NA,NA,NA,NA,NA,NA,Methylophilus methylotrophus,GCF_000378225.1,Proteobacteria,Betaproteobacteria,Nitrosomonadales,Methyophilaceae,Methylobacillus,DSM 16235,NA
GCF_900100975.1,NA,NA,NA,NA,NA,NA,NA,NA,NA,NA,NA,NA,NA,NA,Methylophilus rhizosphaerae,GCF_900100975.1,Proteobacteria,Betaproteobacteria,Nitrosomonadales,Methyophilaceae,Methylophilus,CBMB127,NA
GCF_000023705.1,NA,NA,NA,NA,NA,NA,NA,NA,NA,NA,NA,NA,NA,NA,Methylotenera mobilis,GCF_000023705.1,Proteobacteria,Betaproteobacteria,Nitrosomonadales,Methyophilaceae,Methylotenera,JLW8,NA
GCF_000093025.1,NA,NA,NA,NA,NA,NA,NA,NA,NA,NA,NA,NA,NA,NA,Methylotenera versatilis,GCF_000093025.1,Proteobacteria,Betaproteobacteria,Nitrosomonadales,Methyophilaceae,Methylotenera,301.0,NA
GCF_000214035.1,NA,NA,NA,NA,NA,NA,NA,NA,NA,NA,NA,NA,NA,NA,Methyloversatilis universalis,GCF_000214035.1,Proteobacteria,Betaproteobacteria,Nitrosomonadales,Sterolibacteriacaeae,Methyloversatilis,FAM5,**whole genome shotgun sequence
GCF_000023745.1,NA,NA,NA,NA,NA,NA,NA,NA,NA,NA,NA,NA,NA,NA,Methylovorus glucosetrophus,GCF_000023745.1,Proteobacteria,Betaproteobacteria,Nitrosomonadales,Methyophilaceae,Methylovorus,SIP3-4,NA
GCF_900114305.1,NA,NA,NA,NA,NA,NA,NA,NA,NA,NA,NA,NA,NA,NA,Nitrosomonas aestuarii,GCF_900114305.1,Proteobacteria,Betaproteobacteria,Nitrosomonadales,Nitrosomonadaceae,Nitrosomonas,Nm69,**whole genome shotgun sequence
GCF_001007935.1,NA,NA,NA,NA,NA,NA,NA,NA,NA,NA,NA,NA,NA,NA,Nitrosomonas communis,GCF_001007935.1,Proteobacteria,Betaproteobacteria,Nitrosomonadales,Nitrosomonadaceae,Nitrosomonas,Nm2,NA
GCF_900143275.1,NA,NA,NA,NA,NA,NA,NA,NA,NA,NA,NA,NA,NA,NA,Nitrosomonas cryotolerans,GCF_900143275.1,Proteobacteria,Betaproteobacteria,Nitrosomonadales,Nitrosomonadaceae,Nitrosomonas,ATCC 49181,NA
GCF_000009145.1,NA,NA,NA,NA,NA,NA,NA,NA,NA,NA,NA,NA,NA,NA,Nitrosomonas europaea,GCF_000009145.1,Proteobacteria,Betaproteobacteria,Nitrosomonadales,Nitrosomonadaceae,Nitrosomonas,ATCC 19718,NA
GCF_900107165.1,NA,NA,NA,NA,NA,NA,NA,NA,NA,NA,NA,NA,NA,NA,Nitrosomonas halophila,GCF_900107165.1,Proteobacteria,Betaproteobacteria,Nitrosomonadales,Nitrosomonadaceae,Nitrosomonas,Nm1,**whole genome shotgun sequence
GCF_900110145.1,NA,NA,NA,NA,NA,NA,NA,NA,NA,NA,NA,NA,NA,NA,Nitrosomonas marina,GCF_900110145.1,Proteobacteria,Betaproteobacteria,Nitrosomonadales,Nitrosomonadaceae,Nitrosomonas,Nm22,**whole genome shotgun sequence
GCF_900103035.1,NA,NA,NA,NA,NA,NA,NA,NA,NA,NA,NA,NA,NA,NA,Nitrosomonas mobilis,GCF_900103035.1,Proteobacteria,Betaproteobacteria,Nitrosomonadales,Nitrosomonadaceae,Nitrosomonas,1.0,**whole genome shotgun sequence
GCF_900114795.1,NA,NA,NA,NA,NA,NA,NA,NA,NA,NA,NA,NA,NA,NA,Nitrosomonas nitrosa,GCF_900114795.1,Proteobacteria,Betaproteobacteria,Nitrosomonadales,Nitrosomonadaceae,Nitrosomonas,Nm146,**whole genome shotgun sequence
GCF_900106555.1,NA,NA,NA,NA,NA,NA,NA,NA,NA,NA,NA,NA,NA,NA,Nitrosomonas oligotropha,GCF_900106555.1,Proteobacteria,Betaproteobacteria,Nitrosomonadales,Nitrosomonadaceae,Nitrosomonas,Nm75,**whole genome shotgun sequence
GCF_006742785.1,NA,NA,NA,NA,NA,NA,NA,NA,NA,NA,NA,NA,NA,NA,Nitrosomonas stercoris,GCF_006742785.1,Proteobacteria,Betaproteobacteria,Nitrosomonadales,Nitrosomonadaceae,Nitrosomonas,KYUHI-S,NA
GCF_001455205.1,NA,NA,NA,NA,NA,NA,NA,NA,NA,NA,NA,NA,NA,NA,Nitrosomonas ureae,GCF_001455205.1,Proteobacteria,Betaproteobacteria,Nitrosomonadales,Nitrosomonadaceae,Nitrosomonas,Nm10,NA
GCF_000619905.2,NA,NA,NA,NA,NA,NA,NA,NA,NA,NA,NA,NA,NA,NA,Nitrosospira briensis,GCF_000619905.2,Proteobacteria,Betaproteobacteria,Nitrosomonadales,Nitrosomonadaceae,Nitrosospira,C-128,NA
GCF_000196355.1,NA,NA,NA,NA,NA,NA,NA,NA,NA,NA,NA,NA,NA,NA,Nitrosospira multiformis,GCF_000196355.1,Proteobacteria,Betaproteobacteria,Nitrosomonadales,Nitrosomonadaceae,Nitrosospira,ATCC 25196,NA
GCF_900109785.1,NA,NA,NA,NA,NA,NA,NA,NA,NA,NA,NA,NA,NA,NA,Nitrosovibrio tenuis,GCF_900109785.1,Proteobacteria,Betaproteobacteria,Nitrosomonadales,Nitrosomonadaceae,Nitrosovibrio,Nv1,**whole genome shotgun sequence
GCF_000355765.4,NA,NA,NA,NA,NA,NA,NA,NA,NA,NA,NA,NA,NA,NA,Nitrosospira lacus,GCF_000355765.4,Proteobacteria,Betaproteobacteria,Nitrosomonadales,Nitrosomonadaceae,Nitrosospira,APG3,NA
GCF_003112435.1,NA,NA,NA,NA,NA,NA,NA,NA,NA,NA,NA,NA,NA,NA,Novimethylophilus kurashikiensis,GCF_003112435.1,Proteobacteria,Betaproteobacteria,Nitrosomonadales,Methyophilaceae,Novimethylophilus,La2-4,**whole genome shotgun sequence
GCF_003730115.1,NA,NA,NA,NA,NA,NA,NA,NA,NA,NA,NA,NA,NA,NA,Pseudomethylobacillus aquaticus,GCF_003730115.1,Proteobacteria,Betaproteobacteria,Nitrosomonadales,Methyophilaceae,Pseudomethylobacillus,H-5,**whole genome shotgun sequence
GCA_000971475.1,NA,NA,NA,NA,NA,NA,NA,NA,NA,NA,NA,NA,NA,NA,Sulfuricella bacterium,GCA_000971475.1,Proteobacteria,Betaproteobacteria,Nitrosomonadales,Sulfuricellaceae,Sulfuricella,T08,**whole genome shotgun sequence
GCF_003851125.1,NA,NA,NA,NA,NA,NA,NA,NA,NA,NA,NA,NA,NA,NA,Sulfuriferula multivorans,GCF_003851125.1,Proteobacteria,Betaproteobacteria,Nitrosomonadales,Sulfuricellaceae,Sulfuriferula,TTN,**whole genome shotgun sequence
GCF_009937995.1,NA,NA,NA,NA,NA,NA,NA,NA,NA,NA,NA,NA,NA,NA,Sulfuriferula nivalis,GCF_009937995.1,Proteobacteria,Betaproteobacteria,Nitrosomonadales,Sulfuricellaceae,Sulfuriferula,SGTM,NA
GCF_009938015.1,NA,NA,NA,NA,NA,NA,NA,NA,NA,NA,NA,NA,NA,NA,Sulfuriferula plumbiphila,GCF_009938015.1,Proteobacteria,Betaproteobacteria,Nitrosomonadales,Sulfuricellaceae,Sulfuriferula,Gro7,NA
GCF_003864975.1,NA,NA,NA,NA,NA,NA,NA,NA,NA,NA,NA,NA,NA,NA,Sulfuriferula thiophila,GCF_003864975.1,Proteobacteria,Betaproteobacteria,Nitrosomonadales,Sulfuricellaceae,Sulfuriferula,mst6,**whole genome shotgun sequence
GCF_004346685.1,NA,NA,NA,NA,NA,NA,NA,NA,NA,NA,NA,NA,NA,NA,Sulfurirhabdus autotrophica,GCF_004346685.1,Proteobacteria,Betaproteobacteria,Nitrosomonadales,Sulfuricellaceae,Sulfurihabdus,BiS0,**whole genome shotgun sequence
GCA_011764585.1,NA,NA,NA,NA,NA,NA,NA,NA,NA,NA,NA,NA,NA,NA,Sulfurimicrobium lacus,GCA_011764585.1,Proteobacteria,Betaproteobacteria,Nitrosomonadales,Sulfuricellaceae,Sulfirimicrobium,skT11,complete genome
GCF_003865015.1,NA,NA,NA,NA,NA,NA,NA,NA,NA,NA,NA,NA,NA,NA,Sulfurisoma sediminicola,GCF_003865015.1,Proteobacteria,Betaproteobacteria,Nitrosomonadales,Sterolibacteriacaeae,Sulfurisoma,BSN1,**whole genome shotgun sequence
GCF_000828635.1,NA,NA,NA,NA,NA,NA,NA,NA,NA,NA,NA,NA,NA,NA,Sulfuritalea hydrogenivorans,GCF_000828635.1,Proteobacteria,Betaproteobacteria,Nitrosomonadales,Sterolibacteriacaeae,Sulfuritalea,sk43H,NA
GCF_003967275.1,NA,NA,NA,NA,NA,NA,NA,NA,NA,NA,NA,NA,NA,NA,Sulfuritortus calidifontis,GCF_003967275.1,Proteobacteria,Betaproteobacteria,Nitrosomonadales,Thiobacillaceae,Sulfuritortus,J1A,NA
GCF_000373385.1,NA,NA,NA,NA,NA,NA,NA,NA,NA,NA,NA,NA,NA,NA,Thiobacillus thioparus,GCF_000373385.1,Proteobacteria,Betaproteobacteria,Nitrosomonadales,Thiobacillaceae,Thiobacillus,DSM 505,**whole genome shotgun sequence
GCF 001618865.1,NA,NA,NA,NA,NA,NA,NA,NA,NA,NA,NA,NA,NA,NA,NA,GCF 001618865.1,Proteobacteria,Betaproteobacteria,Neisseriales,Aquitalea,Aquitalea denitrificans,5YN-3,NA
GCF 000236705.1,NA,NA,NA,NA,NA,NA,NA,NA,NA,NA,NA,NA,NA,NA,NA,GCF 000236705.1,Proteobacteria,Betaproteobacteria,Neisseriales,Chromobacterium,Chromobacterium violaceum,ATCC 12472,NA
